"id","external_record_id","account_external_id","origin","priority","status","subject","case_type","created_at"
"CAS_00000","CAS_00000","ACC_0005","Email","High","Working","Issue 0","Feature Request","2025-01-15T07:00:00Z"
"CAS_00001","CAS_00001","ACC_0005","Web","Low","Working","Issue 1","Problem","2025-01-15T11:00:00Z"
"CAS_00002","CAS_00002","ACC_0005","Email","Low","Working","Issue 2","Feature Request","2025-01-15T15:00:00Z"
"CAS_00003","CAS_00003","ACC_0005","Phone","Low","New","Issue 3","Feature Request","2025-01-15T19:00:00Z"
"CAS_00004","CAS_00004","ACC_0005","Email","High","New","Issue 4","Problem","2025-01-15T23:00:00Z"
"CAS_00005","CAS_00005","ACC_0005","Web","Medium","New","Issue 5","Feature Request","2025-01-15T22:00:00Z"
"CAS_00006","CAS_00006","ACC_0005","Web","High","New","Issue 6","Feature Request","2025-01-16T02:00:00Z"
"CAS_00007","CAS_00007","ACC_0005","Web","Medium","New","Issue 7","Feature Request","2025-01-16T06:00:00Z"
"CAS_00008","CAS_00008","ACC_0092","Web","High","Working","Issue 8","Problem","2025-01-16T10:00:00Z"
"CAS_00009","CAS_00009","ACC_0092","Phone","High","Closed","Issue 9","Problem","2025-01-16T14:00:00Z"
"CAS_00010","CAS_00010","ACC_0023","Web","High","Working","Issue 10","Feature Request","2025-01-16T13:00:00Z"
"CAS_00011","CAS_00011","ACC_0023","Email","Medium","Closed","Issue 11","Feature Request","2025-01-16T17:00:00Z"
"CAS_00012","CAS_00012","ACC_0023","Web","","New","Issue 12","Problem","2025-01-16T21:00:00Z"
"CAS_00013","CAS_00013","ACC_0023","Web","High","New","","Feature Request","2025-01-17T01:00:00Z"
"CAS_00014","CAS_00014","ACC_0023","Email","High","Working","","Problem","2025-01-17T05:00:00Z"
"CAS_00015","CAS_00015","ACC_0023","Web","","Working","Issue 15","Feature Request","2025-01-17T04:00:00Z"
"CAS_00016","CAS_00016","ACC_0023","Email","Low","New","Issue 16","Feature Request","2025-01-17T08:00:00Z"
"CAS_00017","CAS_00017","ACC_0023","Web","Medium","New","Issue 17","Problem","2025-01-17T12:00:00Z"
"CAS_00018","CAS_00018","ACC_0023","Email","Medium","Working","","Problem","2025-01-17T16:00:00Z"
"CAS_00019","CAS_00019","ACC_0023","Phone","Low","Working","Issue 19","Problem","2025-01-17T20:00:00Z"
"CAS_00020","CAS_00020","ACC_0065","Phone","Low","Working","Issue 20","Problem","2025-01-17T19:00:00Z"
"CAS_00021","CAS_00021","ACC_0065","Phone","","Closed","Issue 21","Problem","2025-01-17T23:00:00Z"
"CAS_00022","CAS_00022","ACC_0109","Phone","High","Closed","Issue 22","Feature Request","2025-01-18T03:00:00Z"
"CAS_00023","CAS_00023","ACC_0109","Web","High","New","Issue 23","Problem","2025-01-18T07:00:00Z"
"CAS_00024","CAS_00024","ACC_0109","Web","Low","Closed","Issue 24","Feature Request","2025-01-18T11:00:00Z"
"CAS_00025","CAS_00025","ACC_0109","Phone","Low","New","Issue 25","Feature Request","2025-01-18T10:00:00Z"
"CAS_00026","CAS_00026","ACC_0109","Web","Low","Closed","Issue 26","Problem","2025-01-18T14:00:00Z"
"CAS_00027","CAS_00027","ACC_0109","Web","High","Closed","Issue 27","Problem","2025-01-18T18:00:00Z"
"CAS_00028","CAS_00028","ACC_0109","Web","Low","New","Issue 28","Feature Request","2025-01-18T22:00:00Z"
"CAS_00029","CAS_00029","ACC_0109","Web","High","New","Issue 29","Feature Request","2025-01-19T02:00:00Z"
"CAS_00030","CAS_00030","ACC_0109","Email","High","New","Issue 30","Problem","2025-01-19T01:00:00Z"
"CAS_00031","CAS_00031","ACC_0053","Web","High","Working","Issue 31","Problem","2025-01-19T05:00:00Z"
"CAS_00032","CAS_00032","ACC_0053","Email","","Closed","Issue 32","Problem","2025-01-19T09:00:00Z"
"CAS_00033","CAS_00033","ACC_0053","Web","High","Working","Issue 33","Problem","2025-01-19T13:00:00Z"
"CAS_00034","CAS_00034","ACC_0053","Email","Medium","Working","Issue 34","Problem","2025-01-19T17:00:00Z"
"CAS_00035","CAS_00035","ACC_0053","Phone","Medium","New","Issue 35","Feature Request","2025-01-19T16:00:00Z"
"CAS_00036","CAS_00036","ACC_0079","Web","High","Closed","Issue 36","Problem","2025-01-19T20:00:00Z"
"CAS_00037","CAS_00037","ACC_0079","Web","Medium","Working","Issue 37","","2025-01-20T00:00:00Z"
"CAS_00038","CAS_00038","ACC_0079","Email","Medium","Closed","Issue 38","Feature Request","2025-01-20T04:00:00Z"
"CAS_00039","CAS_00039","ACC_0079","Email","Medium","New","Issue 39","Problem","2025-01-20T08:00:00Z"
"CAS_00040","CAS_00040","ACC_0079","Email","Low","Closed","Issue 40","Feature Request","2025-01-20T07:00:00Z"
"CAS_00041","CAS_00041","ACC_0079","Email","High","Working","Issue 41","Problem","2025-01-20T11:00:00Z"
"CAS_00042","CAS_00042","ACC_0079","Phone","High","Working","Issue 42","","2025-01-20T15:00:00Z"
"CAS_00043","CAS_00043","ACC_0079","Web","","New","Issue 43","Problem","2025-01-20T19:00:00Z"
"CAS_00044","CAS_00044","ACC_0079","Email","Medium","New","Issue 44","","2025-01-20T23:00:00Z"
"CAS_00045","CAS_00045","ACC_0079","Web","Low","New","","Problem","2025-01-20T22:00:00Z"
"CAS_00046","CAS_00046","ACC_0046","Web","Low","Working","Issue 46","Problem","2025-01-21T02:00:00Z"
"CAS_00047","CAS_00047","ACC_0046","Phone","High","Working","Issue 47","Feature Request","2025-01-21T06:00:00Z"
"CAS_00048","CAS_00048","ACC_0046","Email","High","Closed","Issue 48","Feature Request","2025-01-21T10:00:00Z"
"CAS_00049","CAS_00049","ACC_0046","Web","High","Closed","Issue 49","Problem","2025-01-21T14:00:00Z"
"CAS_00050","CAS_00050","ACC_0114","Web","High","Closed","Issue 50","Problem","2025-01-21T13:00:00Z"
"CAS_00051","CAS_00051","ACC_0114","Email","High","Working","","Problem","2025-01-21T17:00:00Z"
"CAS_00052","CAS_00052","ACC_0114","Email","Medium","Working","Issue 52","Feature Request","2025-01-21T21:00:00Z"
"CAS_00053","CAS_00053","ACC_0114","Web","Medium","New","Issue 53","Problem","2025-01-22T01:00:00Z"
"CAS_00054","CAS_00054","ACC_0114","Web","Medium","New","Issue 54","","2025-01-22T05:00:00Z"
"CAS_00055","CAS_00055","ACC_0114","Email","Low","Working","Issue 55","Problem","2025-01-22T04:00:00Z"
"CAS_00056","CAS_00056","ACC_0114","Phone","Medium","Closed","Issue 56","Feature Request","2025-01-22T08:00:00Z"
"CAS_00057","CAS_00057","ACC_0114","Email","Low","New","Issue 57","Problem","2025-01-22T12:00:00Z"
"CAS_00058","CAS_00058","ACC_0114","Email","High","Working","Issue 58","Problem","2025-01-22T16:00:00Z"
"CAS_00059","CAS_00059","ACC_0093","Phone","Medium","Working","Issue 59","Feature Request","2025-01-22T20:00:00Z"
"CAS_00060","CAS_00060","ACC_0093","Email","Low","New","Issue 60","Problem","2025-01-22T19:00:00Z"
"CAS_00061","CAS_00061","ACC_0093","Web","High","Working","Issue 61","Feature Request","2025-01-22T23:00:00Z"
"CAS_00062","CAS_00062","ACC_0093","Phone","Low","Closed","Issue 62","Problem","2025-01-23T03:00:00Z"
"CAS_00063","CAS_00063","ACC_0093","Web","High","Working","Issue 63","","2025-01-23T07:00:00Z"
"CAS_00064","CAS_00064","ACC_0093","Email","High","New","Issue 64","Problem","2025-01-23T11:00:00Z"
"CAS_00065","CAS_00065","ACC_0093","Email","High","Working","Issue 65","Feature Request","2025-01-23T10:00:00Z"
"CAS_00066","CAS_00066","ACC_0093","Web","High","Closed","Issue 66","Problem","2025-01-23T14:00:00Z"
"CAS_00067","CAS_00067","ACC_0093","Phone","High","New","Issue 67","Problem","2025-01-23T18:00:00Z"
"CAS_00068","CAS_00068","ACC_0093","Phone","High","Closed","Issue 68","","2025-01-23T22:00:00Z"
"CAS_00069","CAS_00069","ACC_0042","Web","Medium","Closed","Issue 69","Feature Request","2025-01-24T02:00:00Z"
"CAS_00070","CAS_00070","ACC_0042","Web","High","Closed","Issue 70","Problem","2025-01-24T01:00:00Z"
"CAS_00071","CAS_00071","ACC_0042","Web","High","New","Issue 71","Problem","2025-01-24T05:00:00Z"
"CAS_00072","CAS_00072","ACC_0042","Phone","Low","New","Issue 72","","2025-01-24T09:00:00Z"
"CAS_00073","CAS_00073","ACC_0056","Web","","Closed","Issue 73","Feature Request","2025-01-24T13:00:00Z"
"CAS_00074","CAS_00074","ACC_0056","Email","High","Closed","Issue 74","Feature Request","2025-01-24T17:00:00Z"
"CAS_00075","CAS_00075","ACC_0056","Web","High","New","Issue 75","Problem","2025-01-24T16:00:00Z"
"CAS_00076","CAS_00076","ACC_0056","Phone","Medium","Closed","Issue 76","","2025-01-24T20:00:00Z"
"CAS_00077","CAS_00077","ACC_0043","Phone","","New","Issue 77","Feature Request","2025-01-25T00:00:00Z"
"CAS_00078","CAS_00078","ACC_0043","Email","Low","New","","Problem","2025-01-25T04:00:00Z"
"CAS_00079","CAS_00079","ACC_0043","Web","Low","Working","","Problem","2025-01-25T08:00:00Z"
"CAS_00080","CAS_00080","ACC_0076","Phone","Medium","Closed","Issue 80","Problem","2025-01-25T07:00:00Z"
"CAS_00081","CAS_00081","ACC_0076","Web","High","Working","Issue 81","Problem","2025-01-25T11:00:00Z"
"CAS_00082","CAS_00082","ACC_0076","Web","Low","New","Issue 82","Feature Request","2025-01-25T15:00:00Z"
"CAS_00083","CAS_00083","ACC_0076","Web","","New","Issue 83","Feature Request","2025-01-25T19:00:00Z"
"CAS_00084","CAS_00084","ACC_0076","Web","Low","Closed","Issue 84","Problem","2025-01-25T23:00:00Z"
"CAS_00085","CAS_00085","ACC_0076","Web","Medium","Closed","","Feature Request","2025-01-25T22:00:00Z"
"CAS_00086","CAS_00086","ACC_0076","Phone","Low","Closed","Issue 86","","2025-01-26T02:00:00Z"
"CAS_00087","CAS_00087","ACC_0076","Web","High","New","Issue 87","Feature Request","2025-01-26T06:00:00Z"
"CAS_00088","CAS_00088","ACC_0076","Phone","","Working","Issue 88","Problem","2025-01-26T10:00:00Z"
"CAS_00089","CAS_00089","ACC_0076","Email","Low","Closed","Issue 89","Feature Request","2025-01-26T14:00:00Z"
"CAS_00090","CAS_00090","ACC_0015","Phone","Medium","Closed","Issue 90","Problem","2025-01-26T13:00:00Z"
"CAS_00091","CAS_00091","ACC_0015","Phone","High","New","Issue 91","Problem","2025-01-26T17:00:00Z"
"CAS_00092","CAS_00092","ACC_0015","Web","Low","New","Issue 92","Feature Request","2025-01-26T21:00:00Z"
"CAS_00093","CAS_00093","ACC_0015","Email","High","Working","Issue 93","Feature Request","2025-01-27T01:00:00Z"
"CAS_00094","CAS_00094","ACC_0018","Web","Low","New","Issue 94","Feature Request","2025-01-27T05:00:00Z"
"CAS_00095","CAS_00095","ACC_0018","Web","High","Working","Issue 95","Problem","2025-01-27T04:00:00Z"
"CAS_00096","CAS_00096","ACC_0018","Phone","High","New","Issue 96","Problem","2025-01-27T08:00:00Z"
"CAS_00097","CAS_00097","ACC_0018","Web","Medium","Working","Issue 97","Feature Request","2025-01-27T12:00:00Z"
"CAS_00098","CAS_00098","ACC_0018","Phone","Medium","Closed","Issue 98","Feature Request","2025-01-27T16:00:00Z"
"CAS_00099","CAS_00099","ACC_0018","Web","Medium","Working","Issue 99","Problem","2025-01-27T20:00:00Z"
"CAS_00100","CAS_00100","ACC_0018","Web","Medium","Closed","Issue 100","Problem","2025-01-27T19:00:00Z"
"CAS_00101","CAS_00101","ACC_0018","Phone","Medium","Closed","Issue 101","Problem","2025-01-27T23:00:00Z"
"CAS_00102","CAS_00102","ACC_0018","Web","","Closed","Issue 102","Problem","2025-01-28T03:00:00Z"
"CAS_00103","CAS_00103","ACC_0086","Web","Medium","Closed","Issue 103","Feature Request","2025-01-28T07:00:00Z"
"CAS_00104","CAS_00104","ACC_0086","Phone","Low","Working","Issue 104","Problem","2025-01-28T11:00:00Z"
"CAS_00105","CAS_00105","ACC_0086","Email","Medium","Closed","Issue 105","Feature Request","2025-01-28T10:00:00Z"
"CAS_00106","CAS_00106","ACC_0086","Web","High","Closed","Issue 106","Problem","2025-01-28T14:00:00Z"
"CAS_00107","CAS_00107","ACC_0086","Web","High","New","Issue 107","Feature Request","2025-01-28T18:00:00Z"
"CAS_00108","CAS_00108","ACC_0085","Email","","New","Issue 108","Problem","2025-01-28T22:00:00Z"
"CAS_00109","CAS_00109","ACC_0085","Web","Low","Working","Issue 109","Problem","2025-01-29T02:00:00Z"
"CAS_00110","CAS_00110","ACC_0085","Phone","Low","Working","Issue 110","Feature Request","2025-01-29T01:00:00Z"
"CAS_00111","CAS_00111","ACC_0085","Web","High","New","Issue 111","Problem","2025-01-29T05:00:00Z"
"CAS_00112","CAS_00112","ACC_0085","Phone","Low","Closed","Issue 112","Feature Request","2025-01-29T09:00:00Z"
"CAS_00113","CAS_00113","ACC_0085","Web","Medium","Working","Issue 113","Feature Request","2025-01-29T13:00:00Z"
"CAS_00114","CAS_00114","ACC_0085","Email","High","Working","Issue 114","Feature Request","2025-01-29T17:00:00Z"
"CAS_00115","CAS_00115","ACC_0085","Web","Low","Closed","Issue 115","Feature Request","2025-01-29T16:00:00Z"
"CAS_00116","CAS_00116","ACC_0017","Phone","High","New","Issue 116","Feature Request","2025-01-29T20:00:00Z"
"CAS_00117","CAS_00117","ACC_0017","Web","High","New","Issue 117","Feature Request","2025-01-30T00:00:00Z"
"CAS_00118","CAS_00118","ACC_0099","Web","Medium","Working","Issue 118","Feature Request","2025-01-30T04:00:00Z"
"CAS_00119","CAS_00119","ACC_0099","Phone","Medium","New","Issue 119","Feature Request","2025-01-30T08:00:00Z"
"CAS_00120","CAS_00120","ACC_0099","Phone","Medium","Working","Issue 120","Feature Request","2025-01-30T07:00:00Z"
"CAS_00121","CAS_00121","ACC_0099","Email","Medium","New","Issue 121","Problem","2025-01-30T11:00:00Z"
"CAS_00122","CAS_00122","ACC_0099","Email","High","New","Issue 122","Problem","2025-01-30T15:00:00Z"
"CAS_00123","CAS_00123","ACC_0054","Web","Low","New","Issue 123","","2025-01-30T19:00:00Z"
"CAS_00124","CAS_00124","ACC_0054","Phone","High","Working","Issue 124","Feature Request","2025-01-30T23:00:00Z"
"CAS_00125","CAS_00125","ACC_0054","Web","Medium","New","Issue 125","","2025-01-30T22:00:00Z"
"CAS_00126","CAS_00126","ACC_0054","Phone","Low","New","Issue 126","Problem","2025-01-31T02:00:00Z"
"CAS_00127","CAS_00127","ACC_0032","Phone","Low","Working","Issue 127","Feature Request","2025-01-31T06:00:00Z"
"CAS_00128","CAS_00128","ACC_0032","Web","Low","New","Issue 128","Feature Request","2025-01-31T10:00:00Z"
"CAS_00129","CAS_00129","ACC_0032","Phone","High","Closed","Issue 129","Problem","2025-01-31T14:00:00Z"
"CAS_00130","CAS_00130","ACC_0091","Phone","High","Working","Issue 130","Problem","2025-01-31T13:00:00Z"
"CAS_00131","CAS_00131","ACC_0091","Phone","High","New","Issue 131","Feature Request","2025-01-31T17:00:00Z"
"CAS_00132","CAS_00132","ACC_0091","Web","High","Closed","Issue 132","Problem","2025-01-31T21:00:00Z"
"CAS_00133","CAS_00133","ACC_0091","Phone","Medium","New","Issue 133","Feature Request","2025-02-01T01:00:00Z"
"CAS_00134","CAS_00134","ACC_0091","Email","Medium","Closed","Issue 134","Feature Request","2025-02-01T05:00:00Z"
"CAS_00135","CAS_00135","ACC_0091","Web","High","Closed","Issue 135","Problem","2025-02-01T04:00:00Z"
"CAS_00136","CAS_00136","ACC_0103","Web","Medium","New","Issue 136","Feature Request","2025-02-01T08:00:00Z"
"CAS_00137","CAS_00137","ACC_0103","Web","Low","New","Issue 137","Problem","2025-02-01T12:00:00Z"
"CAS_00138","CAS_00138","ACC_0103","Email","Medium","Closed","Issue 138","Feature Request","2025-02-01T16:00:00Z"
"CAS_00139","CAS_00139","ACC_0103","Web","Low","New","Issue 139","Feature Request","2025-02-01T20:00:00Z"
"CAS_00140","CAS_00140","ACC_0103","Email","Low","New","Issue 140","Feature Request","2025-02-01T19:00:00Z"
"CAS_00141","CAS_00141","ACC_0103","Phone","","New","Issue 141","Problem","2025-02-01T23:00:00Z"
"CAS_00142","CAS_00142","ACC_0103","Web","Low","Working","Issue 142","Problem","2025-02-02T03:00:00Z"
"CAS_00143","CAS_00143","ACC_0103","Phone","Low","Working","","Problem","2025-02-02T07:00:00Z"
"CAS_00144","CAS_00144","ACC_0103","Web","","Working","","","2025-02-02T11:00:00Z"
"CAS_00145","CAS_00145","ACC_0103","Email","Medium","Closed","Issue 145","Problem","2025-02-02T10:00:00Z"
"CAS_00146","CAS_00146","ACC_0025","Phone","Medium","New","Issue 146","Problem","2025-02-02T14:00:00Z"
"CAS_00147","CAS_00147","ACC_0025","Web","High","New","Issue 147","","2025-02-02T18:00:00Z"
"CAS_00148","CAS_00148","ACC_0025","Email","Low","Working","Issue 148","","2025-02-02T22:00:00Z"
"CAS_00149","CAS_00149","ACC_0025","Web","High","Closed","Issue 149","Feature Request","2025-02-03T02:00:00Z"
"CAS_00150","CAS_00150","ACC_0025","Web","High","Closed","Issue 150","Feature Request","2025-02-03T01:00:00Z"
"CAS_00151","CAS_00151","ACC_0025","Phone","High","New","Issue 151","","2025-02-03T05:00:00Z"
"CAS_00152","CAS_00152","ACC_0025","Phone","High","New","Issue 152","","2025-02-03T09:00:00Z"
"CAS_00153","CAS_00153","ACC_0025","Web","Low","New","Issue 153","","2025-02-03T13:00:00Z"
"CAS_00154","CAS_00154","ACC_0044","Web","Medium","Working","Issue 154","Feature Request","2025-02-03T17:00:00Z"
"CAS_00155","CAS_00155","ACC_0044","Phone","Medium","Working","Issue 155","Feature Request","2025-02-03T16:00:00Z"
"CAS_00156","CAS_00156","ACC_0044","Phone","","New","Issue 156","Feature Request","2025-02-03T20:00:00Z"
"CAS_00157","CAS_00157","ACC_0059","Phone","Low","Closed","Issue 157","Feature Request","2025-02-04T00:00:00Z"
"CAS_00158","CAS_00158","ACC_0059","Web","Low","New","Issue 158","Problem","2025-02-04T04:00:00Z"
"CAS_00159","CAS_00159","ACC_0059","Phone","High","New","","Feature Request","2025-02-04T08:00:00Z"
"CAS_00160","CAS_00160","ACC_0059","Email","Medium","Closed","Issue 160","Problem","2025-02-04T07:00:00Z"
"CAS_00161","CAS_00161","ACC_0059","Email","Low","New","Issue 161","Feature Request","2025-02-04T11:00:00Z"
"CAS_00162","CAS_00162","ACC_0059","Email","High","Working","","Feature Request","2025-02-04T15:00:00Z"
"CAS_00163","CAS_00163","ACC_0059","Web","Low","Working","Issue 163","Problem","2025-02-04T19:00:00Z"
"CAS_00164","CAS_00164","ACC_0059","Web","Medium","New","Issue 164","Feature Request","2025-02-04T23:00:00Z"
"CAS_00165","CAS_00165","ACC_0024","Email","Medium","Working","Issue 165","Feature Request","2025-02-04T22:00:00Z"
"CAS_00166","CAS_00166","ACC_0024","Phone","Low","Working","Issue 166","Problem","2025-02-05T02:00:00Z"
"CAS_00167","CAS_00167","ACC_0024","Web","","Closed","Issue 167","Feature Request","2025-02-05T06:00:00Z"
"CAS_00168","CAS_00168","ACC_0024","Email","Medium","New","Issue 168","Feature Request","2025-02-05T10:00:00Z"
"CAS_00169","CAS_00169","ACC_0024","Web","High","Working","Issue 169","Feature Request","2025-02-05T14:00:00Z"
"CAS_00170","CAS_00170","ACC_0024","Phone","High","Closed","","Problem","2025-02-05T13:00:00Z"
"CAS_00171","CAS_00171","ACC_0024","Phone","Medium","Working","Issue 171","Feature Request","2025-02-05T17:00:00Z"
"CAS_00172","CAS_00172","ACC_0024","Phone","High","New","Issue 172","Problem","2025-02-05T21:00:00Z"
"CAS_00173","CAS_00173","ACC_0082","Phone","","Working","Issue 173","Problem","2025-02-06T01:00:00Z"
"CAS_00174","CAS_00174","ACC_0049","Phone","Medium","Working","Issue 174","Problem","2025-02-06T05:00:00Z"
"CAS_00175","CAS_00175","ACC_0049","Email","Medium","New","Issue 175","","2025-02-06T04:00:00Z"
"CAS_00176","CAS_00176","ACC_0083","Phone","Medium","Working","Issue 176","Problem","2025-02-06T08:00:00Z"
"CAS_00177","CAS_00177","ACC_0083","Email","High","Working","Issue 177","Problem","2025-02-06T12:00:00Z"
"CAS_00178","CAS_00178","ACC_0083","Web","","Closed","Issue 178","Problem","2025-02-06T16:00:00Z"
"CAS_00179","CAS_00179","ACC_0083","Web","High","Closed","","Problem","2025-02-06T20:00:00Z"
"CAS_00180","CAS_00180","ACC_0083","Email","High","Working","Issue 180","Problem","2025-02-06T19:00:00Z"
"CAS_00181","CAS_00181","ACC_0083","Email","High","Closed","Issue 181","Problem","2025-02-06T23:00:00Z"
"CAS_00182","CAS_00182","ACC_0083","Email","Medium","Closed","Issue 182","Feature Request","2025-02-07T03:00:00Z"
"CAS_00183","CAS_00183","ACC_0083","Web","Medium","Working","Issue 183","Problem","2025-02-07T07:00:00Z"
"CAS_00184","CAS_00184","ACC_0083","Phone","","New","Issue 184","Problem","2025-02-07T11:00:00Z"
"CAS_00185","CAS_00185","ACC_0028","Email","Medium","New","Issue 185","","2025-02-07T10:00:00Z"
"CAS_00186","CAS_00186","ACC_0119","Web","High","Closed","Issue 186","Problem","2025-02-07T14:00:00Z"
"CAS_00187","CAS_00187","ACC_0119","Phone","Low","Working","Issue 187","","2025-02-07T18:00:00Z"
"CAS_00188","CAS_00188","ACC_0014","Phone","Medium","New","Issue 188","Feature Request","2025-02-07T22:00:00Z"
"CAS_00189","CAS_00189","ACC_0036","Email","Low","Closed","Issue 189","Feature Request","2025-02-08T02:00:00Z"
"CAS_00190","CAS_00190","ACC_0036","Email","Medium","Working","Issue 190","Problem","2025-02-08T01:00:00Z"
"CAS_00191","CAS_00191","ACC_0084","Web","Low","New","","Feature Request","2025-02-08T05:00:00Z"
"CAS_00192","CAS_00192","ACC_0084","Web","Medium","New","Issue 192","Problem","2025-02-08T09:00:00Z"
"CAS_00193","CAS_00193","ACC_0084","Web","Medium","New","Issue 193","Feature Request","2025-02-08T13:00:00Z"
"CAS_00194","CAS_00194","ACC_0084","Phone","Low","New","Issue 194","Problem","2025-02-08T17:00:00Z"
"CAS_00195","CAS_00195","ACC_0084","Web","","New","Issue 195","Feature Request","2025-02-08T16:00:00Z"
"CAS_00196","CAS_00196","ACC_0084","Email","High","Working","Issue 196","Feature Request","2025-02-08T20:00:00Z"
"CAS_00197","CAS_00197","ACC_0084","Email","Low","Closed","Issue 197","Feature Request","2025-02-09T00:00:00Z"
"CAS_00198","CAS_00198","ACC_0084","Phone","High","New","Issue 198","Problem","2025-02-09T04:00:00Z"
"CAS_00199","CAS_00199","ACC_0084","Email","","New","Issue 199","Problem","2025-02-09T08:00:00Z"
"CAS_00200","CAS_00200","ACC_0084","Email","High","Closed","","Feature Request","2025-02-09T07:00:00Z"
"CAS_00201","CAS_00201","ACC_0118","Email","Low","Closed","Issue 201","Feature Request","2025-02-09T11:00:00Z"
"CAS_00202","CAS_00202","ACC_0118","Web","","Working","","Feature Request","2025-02-09T15:00:00Z"
"CAS_00203","CAS_00203","ACC_0118","Email","Medium","New","Issue 203","Problem","2025-02-09T19:00:00Z"
"CAS_00204","CAS_00204","ACC_0118","Email","Low","New","","Feature Request","2025-02-09T23:00:00Z"
"CAS_00205","CAS_00205","ACC_0118","Email","High","Closed","Issue 205","","2025-02-09T22:00:00Z"
"CAS_00206","CAS_00206","ACC_0118","Phone","High","New","Issue 206","Feature Request","2025-02-10T02:00:00Z"
"CAS_00207","CAS_00207","ACC_0118","Web","Medium","New","","Feature Request","2025-02-10T06:00:00Z"
"CAS_00208","CAS_00208","ACC_0118","Email","Medium","Working","Issue 208","Problem","2025-02-10T10:00:00Z"
"CAS_00209","CAS_00209","ACC_0118","Phone","Medium","Working","Issue 209","Feature Request","2025-02-10T14:00:00Z"
"CAS_00210","CAS_00210","ACC_0060","Web","","Closed","","Problem","2025-02-10T13:00:00Z"
"CAS_00211","CAS_00211","ACC_0060","Phone","Low","New","Issue 211","Feature Request","2025-02-10T17:00:00Z"
"CAS_00212","CAS_00212","ACC_0060","Web","Medium","Closed","Issue 212","Problem","2025-02-10T21:00:00Z"
"CAS_00213","CAS_00213","ACC_0075","Phone","Low","New","Issue 213","Feature Request","2025-02-11T01:00:00Z"
"CAS_00214","CAS_00214","ACC_0075","Phone","Low","New","Issue 214","Feature Request","2025-02-11T05:00:00Z"
"CAS_00215","CAS_00215","ACC_0075","Email","High","New","Issue 215","Feature Request","2025-02-11T04:00:00Z"
"CAS_00216","CAS_00216","ACC_0063","Phone","High","New","Issue 216","Feature Request","2025-02-11T08:00:00Z"
"CAS_00217","CAS_00217","ACC_0063","Email","High","Closed","Issue 217","Feature Request","2025-02-11T12:00:00Z"
"CAS_00218","CAS_00218","ACC_0063","Web","High","Working","","Feature Request","2025-02-11T16:00:00Z"
"CAS_00219","CAS_00219","ACC_0063","Web","High","New","Issue 219","Problem","2025-02-11T20:00:00Z"
"CAS_00220","CAS_00220","ACC_0063","Email","Medium","Working","Issue 220","","2025-02-11T19:00:00Z"
"CAS_00221","CAS_00221","ACC_0063","Web","High","Working","Issue 221","Feature Request","2025-02-11T23:00:00Z"
"CAS_00222","CAS_00222","ACC_0063","Phone","Medium","New","Issue 222","Feature Request","2025-02-12T03:00:00Z"
"CAS_00223","CAS_00223","ACC_0063","Web","Low","New","Issue 223","Feature Request","2025-02-12T07:00:00Z"
"CAS_00224","CAS_00224","ACC_0063","Web","High","New","Issue 224","Feature Request","2025-02-12T11:00:00Z"
"CAS_00225","CAS_00225","ACC_0035","Web","High","New","Issue 225","Feature Request","2025-02-12T10:00:00Z"
"CAS_00226","CAS_00226","ACC_0035","Phone","Low","Closed","Issue 226","Feature Request","2025-02-12T14:00:00Z"
"CAS_00227","CAS_00227","ACC_0035","Phone","Medium","Closed","Issue 227","Problem","2025-02-12T18:00:00Z"
"CAS_00228","CAS_00228","ACC_0035","Web","Low","Closed","","Feature Request","2025-02-12T22:00:00Z"
"CAS_00229","CAS_00229","ACC_0035","Email","Low","New","Issue 229","Feature Request","2025-02-13T02:00:00Z"
"CAS_00230","CAS_00230","ACC_0035","Phone","High","Working","Issue 230","Problem","2025-02-13T01:00:00Z"
"CAS_00231","CAS_00231","ACC_0062","Web","Low","Closed","Issue 231","Feature Request","2025-02-13T05:00:00Z"
"CAS_00232","CAS_00232","ACC_0062","Phone","Medium","Closed","Issue 232","Problem","2025-02-13T09:00:00Z"
"CAS_00233","CAS_00233","ACC_0062","Phone","","New","Issue 233","Problem","2025-02-13T13:00:00Z"
"CAS_00234","CAS_00234","ACC_0062","Email","High","Closed","Issue 234","Problem","2025-02-13T17:00:00Z"
"CAS_00235","CAS_00235","ACC_0062","Email","Low","Working","Issue 235","Feature Request","2025-02-13T16:00:00Z"
"CAS_00236","CAS_00236","ACC_0062","Web","High","Working","","Feature Request","2025-02-13T20:00:00Z"
"CAS_00237","CAS_00237","ACC_0062","Web","Low","New","Issue 237","Feature Request","2025-02-14T00:00:00Z"
"CAS_00238","CAS_00238","ACC_0062","Phone","","New","Issue 238","Problem","2025-02-14T04:00:00Z"
"CAS_00239","CAS_00239","ACC_0062","Web","Low","Working","Issue 239","Feature Request","2025-02-14T08:00:00Z"
"CAS_00240","CAS_00240","ACC_0004","Web","Medium","Working","Issue 240","","2025-02-14T07:00:00Z"
"CAS_00241","CAS_00241","ACC_0004","Phone","Medium","Closed","Issue 241","Problem","2025-02-14T11:00:00Z"
"CAS_00242","CAS_00242","ACC_0004","Email","","New","Issue 242","Feature Request","2025-02-14T15:00:00Z"
"CAS_00243","CAS_00243","ACC_0004","Phone","Medium","Closed","Issue 243","Feature Request","2025-02-14T19:00:00Z"
"CAS_00244","CAS_00244","ACC_0007","Phone","Low","New","","Problem","2025-02-14T23:00:00Z"
"CAS_00245","CAS_00245","ACC_0007","Email","Medium","New","Issue 245","Problem","2025-02-14T22:00:00Z"
"CAS_00246","CAS_00246","ACC_0007","Web","Low","New","Issue 246","Problem","2025-02-15T02:00:00Z"
"CAS_00247","CAS_00247","ACC_0041","Email","Medium","New","Issue 247","Problem","2025-02-15T06:00:00Z"
"CAS_00248","CAS_00248","ACC_0041","Email","High","New","Issue 248","Problem","2025-02-15T10:00:00Z"
"CAS_00249","CAS_00249","ACC_0041","Phone","","New","","Problem","2025-02-15T14:00:00Z"
"CAS_00250","CAS_00250","ACC_0041","Phone","Medium","New","","Feature Request","2025-02-15T13:00:00Z"
"CAS_00251","CAS_00251","ACC_0041","Phone","Medium","Working","Issue 251","","2025-02-15T17:00:00Z"
"CAS_00252","CAS_00252","ACC_0041","Phone","Medium","Working","Issue 252","Feature Request","2025-02-15T21:00:00Z"
"CAS_00253","CAS_00253","ACC_0041","Phone","High","Working","Issue 253","Feature Request","2025-02-16T01:00:00Z"
"CAS_00254","CAS_00254","ACC_0041","Email","Medium","Working","Issue 254","Problem","2025-02-16T05:00:00Z"
"CAS_00255","CAS_00255","ACC_0041","Email","High","Closed","Issue 255","Problem","2025-02-16T04:00:00Z"
"CAS_00256","CAS_00256","ACC_0067","Web","Medium","New","Issue 256","","2025-02-16T08:00:00Z"
"CAS_00257","CAS_00257","ACC_0067","Phone","High","New","Issue 257","Problem","2025-02-16T12:00:00Z"
"CAS_00258","CAS_00258","ACC_0067","Web","","Working","Issue 258","Problem","2025-02-16T16:00:00Z"
"CAS_00259","CAS_00259","ACC_0067","Web","Low","New","Issue 259","","2025-02-16T20:00:00Z"
"CAS_00260","CAS_00260","ACC_0067","Web","High","Working","Issue 260","","2025-02-16T19:00:00Z"
"CAS_00261","CAS_00261","ACC_0067","Web","High","New","Issue 261","","2025-02-16T23:00:00Z"
"CAS_00262","CAS_00262","ACC_0067","Phone","Low","Working","Issue 262","Problem","2025-02-17T03:00:00Z"
"CAS_00263","CAS_00263","ACC_0067","Phone","Medium","New","Issue 263","Feature Request","2025-02-17T07:00:00Z"
"CAS_00264","CAS_00264","ACC_0100","Phone","High","New","Issue 264","Problem","2025-02-17T11:00:00Z"
"CAS_00265","CAS_00265","ACC_0100","Web","Medium","Closed","Issue 265","Problem","2025-02-17T10:00:00Z"
"CAS_00266","CAS_00266","ACC_0100","Phone","Low","Closed","Issue 266","Problem","2025-02-17T14:00:00Z"
"CAS_00267","CAS_00267","ACC_0087","Phone","Low","Working","Issue 267","Problem","2025-02-17T18:00:00Z"
"CAS_00268","CAS_00268","ACC_0106","Phone","Medium","Working","Issue 268","Feature Request","2025-02-17T22:00:00Z"
"CAS_00269","CAS_00269","ACC_0106","Web","","Working","Issue 269","","2025-02-18T02:00:00Z"
"CAS_00270","CAS_00270","ACC_0106","Web","High","Closed","Issue 270","Feature Request","2025-02-18T01:00:00Z"
"CAS_00271","CAS_00271","ACC_0106","Email","High","New","Issue 271","Problem","2025-02-18T05:00:00Z"
"CAS_00272","CAS_00272","ACC_0106","Email","","New","","","2025-02-18T09:00:00Z"
"CAS_00273","CAS_00273","ACC_0106","Email","Low","Closed","Issue 273","Feature Request","2025-02-18T13:00:00Z"
"CAS_00274","CAS_00274","ACC_0106","Email","High","New","Issue 274","Problem","2025-02-18T17:00:00Z"
"CAS_00275","CAS_00275","ACC_0106","Phone","High","Working","Issue 275","","2025-02-18T16:00:00Z"
"CAS_00276","CAS_00276","ACC_0106","Email","Low","New","Issue 276","Problem","2025-02-18T20:00:00Z"
"CAS_00277","CAS_00277","ACC_0106","Web","","New","Issue 277","Feature Request","2025-02-19T00:00:00Z"
"CAS_00278","CAS_00278","ACC_0019","Web","","Working","","Feature Request","2025-02-19T04:00:00Z"
"CAS_00279","CAS_00279","ACC_0019","Web","High","New","Issue 279","Feature Request","2025-02-19T08:00:00Z"
"CAS_00280","CAS_00280","ACC_0019","Phone","Low","New","Issue 280","Feature Request","2025-02-19T07:00:00Z"
"CAS_00281","CAS_00281","ACC_0019","Email","Low","New","Issue 281","Problem","2025-02-19T11:00:00Z"
"CAS_00282","CAS_00282","ACC_0019","Phone","Medium","Working","Issue 282","Feature Request","2025-02-19T15:00:00Z"
"CAS_00283","CAS_00283","ACC_0019","Web","Low","Closed","","Feature Request","2025-02-19T19:00:00Z"
"CAS_00284","CAS_00284","ACC_0019","Web","Medium","New","","Feature Request","2025-02-19T23:00:00Z"
"CAS_00285","CAS_00285","ACC_0055","Email","High","Working","Issue 285","Feature Request","2025-02-19T22:00:00Z"
"CAS_00286","CAS_00286","ACC_0055","Phone","","Working","Issue 286","","2025-02-20T02:00:00Z"
"CAS_00287","CAS_00287","ACC_0055","Web","","Closed","Issue 287","Problem","2025-02-20T06:00:00Z"
"CAS_00288","CAS_00288","ACC_0055","Phone","Low","New","Issue 288","Problem","2025-02-20T10:00:00Z"
"CAS_00289","CAS_00289","ACC_0055","Web","Low","Closed","Issue 289","Feature Request","2025-02-20T14:00:00Z"
"CAS_00290","CAS_00290","ACC_0055","Web","Medium","Working","Issue 290","Problem","2025-02-20T13:00:00Z"
"CAS_00291","CAS_00291","ACC_0045","Email","High","New","Issue 291","Feature Request","2025-02-20T17:00:00Z"
"CAS_00292","CAS_00292","ACC_0045","Web","Medium","Closed","Issue 292","Problem","2025-02-20T21:00:00Z"
"CAS_00293","CAS_00293","ACC_0045","Web","High","Closed","","Problem","2025-02-21T01:00:00Z"
"CAS_00294","CAS_00294","ACC_0045","Web","Low","New","","Problem","2025-02-21T05:00:00Z"
"CAS_00295","CAS_00295","ACC_0045","Web","Low","Closed","Issue 295","Feature Request","2025-02-21T04:00:00Z"
"CAS_00296","CAS_00296","ACC_0045","Web","Medium","Working","Issue 296","Feature Request","2025-02-21T08:00:00Z"
"CAS_00297","CAS_00297","ACC_0045","Web","Medium","Working","Issue 297","Feature Request","2025-02-21T12:00:00Z"
"CAS_00298","CAS_00298","ACC_0045","Phone","Low","Closed","Issue 298","Problem","2025-02-21T16:00:00Z"
"CAS_00299","CAS_00299","ACC_0045","Web","Medium","Closed","Issue 299","Problem","2025-02-21T20:00:00Z"
"CAS_00300","CAS_00300","ACC_0116","Email","High","New","Issue 300","Problem","2025-02-21T19:00:00Z"
"CAS_00301","CAS_00301","ACC_0116","Phone","Medium","New","Issue 301","","2025-02-21T23:00:00Z"
"CAS_00302","CAS_00302","ACC_0116","Phone","Low","New","Issue 302","","2025-02-22T03:00:00Z"
"CAS_00303","CAS_00303","ACC_0116","Phone","Medium","Closed","","","2025-02-22T07:00:00Z"
"CAS_00304","CAS_00304","ACC_0102","Web","","Working","Issue 304","Problem","2025-02-22T11:00:00Z"
"CAS_00305","CAS_00305","ACC_0102","Email","Low","Closed","Issue 305","Problem","2025-02-22T10:00:00Z"
"CAS_00306","CAS_00306","ACC_0102","Web","Medium","New","Issue 306","Problem","2025-02-22T14:00:00Z"
"CAS_00307","CAS_00307","ACC_0102","Email","High","New","","Feature Request","2025-02-22T18:00:00Z"
"CAS_00308","CAS_00308","ACC_0102","Email","","Closed","","Problem","2025-02-22T22:00:00Z"
"CAS_00309","CAS_00309","ACC_0102","Phone","Low","New","Issue 309","Feature Request","2025-02-23T02:00:00Z"
"CAS_00310","CAS_00310","ACC_0102","Email","Medium","Working","Issue 310","Feature Request","2025-02-23T01:00:00Z"
"CAS_00311","CAS_00311","ACC_0102","Web","","Closed","","Feature Request","2025-02-23T05:00:00Z"
"CAS_00312","CAS_00312","ACC_0102","Phone","Medium","Working","Issue 312","","2025-02-23T09:00:00Z"
"CAS_00313","CAS_00313","ACC_0034","Phone","High","New","Issue 313","Problem","2025-02-23T13:00:00Z"
"CAS_00314","CAS_00314","ACC_0034","Phone","Medium","New","Issue 314","Problem","2025-02-23T17:00:00Z"
"CAS_00315","CAS_00315","ACC_0034","Phone","High","Working","","Problem","2025-02-23T16:00:00Z"
"CAS_00316","CAS_00316","ACC_0034","Phone","Medium","New","Issue 316","Problem","2025-02-23T20:00:00Z"
"CAS_00317","CAS_00317","ACC_0034","Phone","High","Working","Issue 317","Problem","2025-02-24T00:00:00Z"
"CAS_00318","CAS_00318","ACC_0034","Web","Low","New","Issue 318","Problem","2025-02-24T04:00:00Z"
"CAS_00319","CAS_00319","ACC_0034","Web","","Working","Issue 319","Problem","2025-02-24T08:00:00Z"
"CAS_00320","CAS_00320","ACC_0089","Phone","Low","Working","Issue 320","","2025-02-24T07:00:00Z"
"CAS_00321","CAS_00321","ACC_0033","Phone","High","New","Issue 321","Problem","2025-02-24T11:00:00Z"
"CAS_00322","CAS_00322","ACC_0033","Phone","High","Working","","Problem","2025-02-24T15:00:00Z"
"CAS_00323","CAS_00323","ACC_0033","Phone","High","Working","Issue 323","Problem","2025-02-24T19:00:00Z"
"CAS_00324","CAS_00324","ACC_0033","Web","Medium","New","Issue 324","Problem","2025-02-24T23:00:00Z"
"CAS_00325","CAS_00325","ACC_0033","Web","Medium","New","Issue 325","Feature Request","2025-02-24T22:00:00Z"
"CAS_00326","CAS_00326","ACC_0033","Email","Low","New","","Problem","2025-02-25T02:00:00Z"
"CAS_00327","CAS_00327","ACC_0033","Phone","Low","New","Issue 327","Problem","2025-02-25T06:00:00Z"
"CAS_00328","CAS_00328","ACC_0033","Web","","Working","Issue 328","Problem","2025-02-25T10:00:00Z"
"CAS_00329","CAS_00329","ACC_0111","Email","High","Working","Issue 329","Problem","2025-02-25T14:00:00Z"
"CAS_00330","CAS_00330","ACC_0111","Web","Low","New","Issue 330","Problem","2025-02-25T13:00:00Z"
"CAS_00331","CAS_00331","ACC_0111","Web","Medium","New","Issue 331","Feature Request","2025-02-25T17:00:00Z"
"CAS_00332","CAS_00332","ACC_0098","Web","Low","New","Issue 332","Feature Request","2025-02-25T21:00:00Z"
"CAS_00333","CAS_00333","ACC_0098","Phone","","Closed","Issue 333","Feature Request","2025-02-26T01:00:00Z"
"CAS_00334","CAS_00334","ACC_0098","Phone","","Closed","Issue 334","Problem","2025-02-26T05:00:00Z"
"CAS_00335","CAS_00335","ACC_0037","Web","Low","New","Issue 335","Feature Request","2025-02-26T04:00:00Z"
"CAS_00336","CAS_00336","ACC_0037","Phone","Low","Closed","Issue 336","Feature Request","2025-02-26T08:00:00Z"
"CAS_00337","CAS_00337","ACC_0037","Phone","Medium","Closed","Issue 337","Feature Request","2025-02-26T12:00:00Z"
"CAS_00338","CAS_00338","ACC_0027","Web","Low","Working","Issue 338","","2025-02-26T16:00:00Z"
"CAS_00339","CAS_00339","ACC_0027","Web","Low","New","Issue 339","Feature Request","2025-02-26T20:00:00Z"
"CAS_00340","CAS_00340","ACC_0027","Email","Medium","Working","Issue 340","Feature Request","2025-02-26T19:00:00Z"
"CAS_00341","CAS_00341","ACC_0074","Email","","New","Issue 341","Feature Request","2025-02-26T23:00:00Z"
"CAS_00342","CAS_00342","ACC_0074","Phone","Low","Closed","","Feature Request","2025-02-27T03:00:00Z"
"CAS_00343","CAS_00343","ACC_0074","Email","Medium","Closed","Issue 343","Feature Request","2025-02-27T07:00:00Z"
"CAS_00344","CAS_00344","ACC_0074","Email","High","New","","Problem","2025-02-27T11:00:00Z"
"CAS_00345","CAS_00345","ACC_0074","Email","Medium","Working","Issue 345","Feature Request","2025-02-27T10:00:00Z"
"CAS_00346","CAS_00346","ACC_0074","Email","High","Working","","Feature Request","2025-02-27T14:00:00Z"
"CAS_00347","CAS_00347","ACC_0074","Phone","","Working","Issue 347","","2025-02-27T18:00:00Z"
"CAS_00348","CAS_00348","ACC_0001","Web","High","Working","","Problem","2025-02-27T22:00:00Z"
"CAS_00349","CAS_00349","ACC_0001","Web","Low","Working","Issue 349","Feature Request","2025-02-28T02:00:00Z"
"CAS_00350","CAS_00350","ACC_0001","Phone","Medium","Closed","Issue 350","Feature Request","2025-02-28T01:00:00Z"
"CAS_00351","CAS_00351","ACC_0001","Web","Medium","Working","Issue 351","","2025-02-28T05:00:00Z"
"CAS_00352","CAS_00352","ACC_0001","Email","Low","New","Issue 352","","2025-02-28T09:00:00Z"
"CAS_00353","CAS_00353","ACC_0001","Email","High","Closed","Issue 353","","2025-02-28T13:00:00Z"
"CAS_00354","CAS_00354","ACC_0001","Web","High","New","Issue 354","Problem","2025-02-28T17:00:00Z"
"CAS_00355","CAS_00355","ACC_0001","Web","Low","Closed","Issue 355","Feature Request","2025-02-28T16:00:00Z"
"CAS_00356","CAS_00356","ACC_0001","Web","Low","Closed","Issue 356","Problem","2025-02-28T20:00:00Z"
"CAS_00357","CAS_00357","ACC_0016","Email","Low","New","Issue 357","Feature Request","2025-03-01T00:00:00Z"
"CAS_00358","CAS_00358","ACC_0016","Web","","New","Issue 358","Feature Request","2025-03-01T04:00:00Z"
"CAS_00359","CAS_00359","ACC_0016","Web","Low","Closed","Issue 359","Problem","2025-03-01T08:00:00Z"
"CAS_00360","CAS_00360","ACC_0016","Email","Medium","New","Issue 360","Feature Request","2025-03-01T07:00:00Z"
"CAS_00361","CAS_00361","ACC_0016","Email","High","Closed","Issue 361","Problem","2025-03-01T11:00:00Z"
"CAS_00362","CAS_00362","ACC_0016","Phone","High","New","Issue 362","","2025-03-01T15:00:00Z"
"CAS_00363","CAS_00363","ACC_0016","Phone","High","New","Issue 363","Problem","2025-03-01T19:00:00Z"
"CAS_00364","CAS_00364","ACC_0016","Phone","High","Working","Issue 364","Feature Request","2025-03-01T23:00:00Z"
"CAS_00365","CAS_00365","ACC_0016","Phone","Medium","New","Issue 365","Problem","2025-03-01T22:00:00Z"
"CAS_00366","CAS_00366","ACC_0011","Phone","Low","Working","Issue 366","Feature Request","2025-03-02T02:00:00Z"
"CAS_00367","CAS_00367","ACC_0117","Phone","Medium","Working","Issue 367","Feature Request","2025-03-02T06:00:00Z"
"CAS_00368","CAS_00368","ACC_0117","Web","Medium","New","Issue 368","Problem","2025-03-02T10:00:00Z"
"CAS_00369","CAS_00369","ACC_0117","Email","Low","Working","Issue 369","Problem","2025-03-02T14:00:00Z"
"CAS_00370","CAS_00370","ACC_0117","Web","High","Working","Issue 370","","2025-03-02T13:00:00Z"
"CAS_00371","CAS_00371","ACC_0117","Phone","High","New","Issue 371","Problem","2025-03-02T17:00:00Z"
"CAS_00372","CAS_00372","ACC_0117","Phone","High","New","","","2025-03-02T21:00:00Z"
"CAS_00373","CAS_00373","ACC_0117","Phone","High","New","Issue 373","Feature Request","2025-03-03T01:00:00Z"
"CAS_00374","CAS_00374","ACC_0117","Web","Low","New","Issue 374","Problem","2025-03-03T05:00:00Z"
"CAS_00375","CAS_00375","ACC_0117","Phone","High","New","Issue 375","","2025-03-03T04:00:00Z"
"CAS_00376","CAS_00376","ACC_0117","Web","","Working","Issue 376","Problem","2025-03-03T08:00:00Z"
"CAS_00377","CAS_00377","ACC_0101","Email","Medium","Working","Issue 377","Feature Request","2025-03-03T12:00:00Z"
"CAS_00378","CAS_00378","ACC_0101","Email","Low","New","Issue 378","Problem","2025-03-03T16:00:00Z"
"CAS_00379","CAS_00379","ACC_0101","Phone","Low","Closed","Issue 379","Problem","2025-03-03T20:00:00Z"
"CAS_00380","CAS_00380","ACC_0101","Web","Low","New","Issue 380","Problem","2025-03-03T19:00:00Z"
"CAS_00381","CAS_00381","ACC_0101","Phone","Low","New","Issue 381","Problem","2025-03-03T23:00:00Z"
"CAS_00382","CAS_00382","ACC_0101","Web","High","Closed","Issue 382","Feature Request","2025-03-04T03:00:00Z"
"CAS_00383","CAS_00383","ACC_0101","Email","Low","Closed","Issue 383","Problem","2025-03-04T07:00:00Z"
"CAS_00384","CAS_00384","ACC_0101","Web","Low","Closed","Issue 384","","2025-03-04T11:00:00Z"
"CAS_00385","CAS_00385","ACC_0048","Phone","Medium","New","Issue 385","Feature Request","2025-03-04T10:00:00Z"
"CAS_00386","CAS_00386","ACC_0048","Web","High","Closed","Issue 386","","2025-03-04T14:00:00Z"
"CAS_00387","CAS_00387","ACC_0026","Web","Low","New","Issue 387","Feature Request","2025-03-04T18:00:00Z"
"CAS_00388","CAS_00388","ACC_0026","Phone","Low","Closed","Issue 388","Problem","2025-03-04T22:00:00Z"
"CAS_00389","CAS_00389","ACC_0026","Email","High","New","Issue 389","","2025-03-05T02:00:00Z"
"CAS_00390","CAS_00390","ACC_0081","Web","Medium","Working","Issue 390","Problem","2025-03-05T01:00:00Z"
"CAS_00391","CAS_00391","ACC_0081","Phone","Medium","New","","Problem","2025-03-05T05:00:00Z"
"CAS_00392","CAS_00392","ACC_0081","Phone","Low","Working","Issue 392","Problem","2025-03-05T09:00:00Z"
"CAS_00393","CAS_00393","ACC_0081","Web","Low","Closed","Issue 393","Problem","2025-03-05T13:00:00Z"
"CAS_00394","CAS_00394","ACC_0081","Email","High","Working","Issue 394","Feature Request","2025-03-05T17:00:00Z"
"CAS_00395","CAS_00395","ACC_0081","Web","Medium","Closed","Issue 395","Problem","2025-03-05T16:00:00Z"
"CAS_00396","CAS_00396","ACC_0081","Phone","High","New","","Problem","2025-03-05T20:00:00Z"
"CAS_00397","CAS_00397","ACC_0081","Web","Medium","Closed","Issue 397","","2025-03-06T00:00:00Z"
"CAS_00398","CAS_00398","ACC_0081","Email","High","Closed","Issue 398","Feature Request","2025-03-06T04:00:00Z"
"CAS_00399","CAS_00399","ACC_0081","Phone","Low","New","","Problem","2025-03-06T08:00:00Z"
"CAS_00400","CAS_00400","ACC_0022","Web","High","New","Issue 400","Feature Request","2025-03-06T07:00:00Z"
"CAS_00401","CAS_00401","ACC_0022","Web","Medium","Closed","","","2025-03-06T11:00:00Z"
"CAS_00402","CAS_00402","ACC_0090","Email","High","New","","","2025-03-06T15:00:00Z"
"CAS_00403","CAS_00403","ACC_0064","Email","Low","Closed","Issue 403","Feature Request","2025-03-06T19:00:00Z"
"CAS_00404","CAS_00404","ACC_0040","Web","High","Closed","Issue 404","Feature Request","2025-03-06T23:00:00Z"
"CAS_00405","CAS_00405","ACC_0040","Phone","Low","New","Issue 405","","2025-03-06T22:00:00Z"
"CAS_00406","CAS_00406","ACC_0040","Email","High","New","Issue 406","Problem","2025-03-07T02:00:00Z"
"CAS_00407","CAS_00407","ACC_0040","Email","","Working","Issue 407","Problem","2025-03-07T06:00:00Z"
"CAS_00408","CAS_00408","ACC_0040","Web","Medium","New","Issue 408","Problem","2025-03-07T10:00:00Z"
"CAS_00409","CAS_00409","ACC_0088","Email","High","Closed","Issue 409","Feature Request","2025-03-07T14:00:00Z"
"CAS_00410","CAS_00410","ACC_0088","Web","High","New","","Problem","2025-03-07T13:00:00Z"
"CAS_00411","CAS_00411","ACC_0088","Phone","High","Working","Issue 411","","2025-03-07T17:00:00Z"
"CAS_00412","CAS_00412","ACC_0088","Phone","Medium","New","Issue 412","Feature Request","2025-03-07T21:00:00Z"
"CAS_00413","CAS_00413","ACC_0088","Email","Medium","Closed","Issue 413","Problem","2025-03-08T01:00:00Z"
"CAS_00414","CAS_00414","ACC_0078","Email","Low","Closed","Issue 414","Problem","2025-03-08T05:00:00Z"
"CAS_00415","CAS_00415","ACC_0078","Web","Low","New","","Problem","2025-03-08T04:00:00Z"
"CAS_00416","CAS_00416","ACC_0078","Web","High","Closed","Issue 416","Problem","2025-03-08T08:00:00Z"
"CAS_00417","CAS_00417","ACC_0078","Email","Medium","New","Issue 417","Problem","2025-03-08T12:00:00Z"
"CAS_00418","CAS_00418","ACC_0078","Web","High","New","Issue 418","Feature Request","2025-03-08T16:00:00Z"
"CAS_00419","CAS_00419","ACC_0078","Email","Low","Closed","Issue 419","Feature Request","2025-03-08T20:00:00Z"
"CAS_00420","CAS_00420","ACC_0078","Phone","Low","Closed","Issue 420","","2025-03-08T19:00:00Z"
"CAS_00421","CAS_00421","ACC_0031","Phone","Medium","Closed","Issue 421","Problem","2025-03-08T23:00:00Z"
"CAS_00422","CAS_00422","ACC_0031","Email","Low","New","Issue 422","Problem","2025-03-09T03:00:00Z"
"CAS_00423","CAS_00423","ACC_0031","Phone","Medium","New","Issue 423","Feature Request","2025-03-09T07:00:00Z"
"CAS_00424","CAS_00424","ACC_0009","Web","Medium","New","Issue 424","","2025-03-09T11:00:00Z"
"CAS_00425","CAS_00425","ACC_0009","Phone","High","Working","Issue 425","Feature Request","2025-03-09T10:00:00Z"
"CAS_00426","CAS_00426","ACC_0009","Web","High","New","Issue 426","Feature Request","2025-03-09T14:00:00Z"
"CAS_00427","CAS_00427","ACC_0009","Phone","Medium","New","Issue 427","Problem","2025-03-09T18:00:00Z"
"CAS_00428","CAS_00428","ACC_0009","Phone","Low","Closed","","Problem","2025-03-09T22:00:00Z"
"CAS_00429","CAS_00429","ACC_0009","Web","Low","Closed","Issue 429","Feature Request","2025-03-10T02:00:00Z"
"CAS_00430","CAS_00430","ACC_0009","Web","High","Closed","Issue 430","Problem","2025-03-10T01:00:00Z"
"CAS_00431","CAS_00431","ACC_0009","Email","Low","New","Issue 431","Feature Request","2025-03-10T05:00:00Z"
"CAS_00432","CAS_00432","ACC_0110","Web","Low","Closed","Issue 432","Feature Request","2025-03-10T09:00:00Z"
"CAS_00433","CAS_00433","ACC_0110","Web","Medium","Closed","Issue 433","Problem","2025-03-10T13:00:00Z"
"CAS_00434","CAS_00434","ACC_0110","Web","","New","Issue 434","Feature Request","2025-03-10T17:00:00Z"
"CAS_00435","CAS_00435","ACC_0110","Web","Medium","Closed","Issue 435","Problem","2025-03-10T16:00:00Z"
"CAS_00436","CAS_00436","ACC_0110","Web","High","Closed","Issue 436","Feature Request","2025-03-10T20:00:00Z"
"CAS_00437","CAS_00437","ACC_0110","Email","Low","Closed","Issue 437","Problem","2025-03-11T00:00:00Z"
"CAS_00438","CAS_00438","ACC_0110","Web","","New","Issue 438","Feature Request","2025-03-11T04:00:00Z"
"CAS_00439","CAS_00439","ACC_0110","Phone","High","New","Issue 439","Feature Request","2025-03-11T08:00:00Z"
"CAS_00440","CAS_00440","ACC_0110","Phone","Medium","Closed","Issue 440","Problem","2025-03-11T07:00:00Z"
"CAS_00441","CAS_00441","ACC_0013","Web","Low","New","Issue 441","","2025-03-11T11:00:00Z"
"CAS_00442","CAS_00442","ACC_0013","Web","Medium","New","Issue 442","Problem","2025-03-11T15:00:00Z"
"CAS_00443","CAS_00443","ACC_0013","Web","","New","Issue 443","Problem","2025-03-11T19:00:00Z"
"CAS_00444","CAS_00444","ACC_0013","Web","Low","New","Issue 444","","2025-03-11T23:00:00Z"
"CAS_00445","CAS_00445","ACC_0013","Phone","Medium","Closed","Issue 445","Feature Request","2025-03-11T22:00:00Z"
"CAS_00446","CAS_00446","ACC_0013","Phone","","Closed","Issue 446","Problem","2025-03-12T02:00:00Z"
"CAS_00447","CAS_00447","ACC_0013","Web","Medium","New","Issue 447","Problem","2025-03-12T06:00:00Z"
"CAS_00448","CAS_00448","ACC_0013","Web","Low","Working","Issue 448","Feature Request","2025-03-12T10:00:00Z"
"CAS_00449","CAS_00449","ACC_0013","Web","High","Closed","","Problem","2025-03-12T14:00:00Z"
