"id","external_record_id","account_external_id","birthdate","department","email","first_name","last_name","title","created_at"
"CON_00000","CON_00000","ACC_0005","1990-01-01","IT","contact0@acc-0005.com","Thomas","Johnson","Developer","2025-01-10T09:00:00Z"
"CON_00001","CON_00001","ACC_0005","1980-06-11","IT","contact1@acc-0005.com","Patricia","Martinez","Developer","2025-01-10T14:00:00Z"
"CON_00002","CON_00002","ACC_0092","1991-07-07","IT","contact2@acc-0092.com","David","Rodriguez","Developer","2025-01-10T19:00:00Z"
"CON_00003","CON_00003","ACC_0092","1961-07-23","IT","contact3@acc-0092.com","Patricia","Jackson","Developer","2025-01-10T21:00:00Z"
"CON_00004","CON_00004","ACC_0092","1963-06-22","IT","contact4@acc-0092.com","William","Jones","Developer","2025-01-11T02:00:00Z"
"CON_00005","CON_00005","ACC_0092","2003-10-15","IT","contact5@acc-0092.com","Patricia","Gonzalez","Developer","2025-01-11T07:00:00Z"
"CON_00006","CON_00006","ACC_0023","1977-10-29","","contact6@acc-0023.com","Mary","Gonzalez","Developer","2025-01-11T09:00:00Z"
"CON_00007","CON_00007","ACC_0065","1982-08-27","","contact7@acc-0065.com","David","Williams","Developer","2025-01-11T14:00:00Z"
"CON_00008","CON_00008","ACC_0109","1960-03-08","","contact8@acc-0109.com","James","Gonzalez","Developer","2025-01-11T19:00:00Z"
"CON_00009","CON_00009","ACC_0109","1968-02-23","IT","contact9@acc-0109.com","Richard","Jones","Developer","2025-01-11T21:00:00Z"
"CON_00010","CON_00010","ACC_0109","1985-07-18","IT","contact10@acc-0109.com","Barbara","Wilson","Developer","2025-01-12T02:00:00Z"
"CON_00011","CON_00011","ACC_0053","1976-06-02","IT","contact11@acc-0053.com","Michael","Taylor","Developer","2025-01-12T07:00:00Z"
"CON_00012","CON_00012","ACC_0053","1995-10-19","IT","contact12@acc-0053.com","Robert","Thomas","Developer","2025-01-12T09:00:00Z"
"CON_00013","CON_00013","ACC_0053","1987-06-01","IT","contact13@acc-0053.com","Karen","Johnson","Developer","2025-01-12T14:00:00Z"
"CON_00014","CON_00014","ACC_0079","1995-08-14","IT","contact14@acc-0079.com","Linda","Lopez","Developer","2025-01-12T19:00:00Z"
"CON_00015","CON_00015","ACC_0046","1980-01-29","IT","contact15@acc-0046.com","Jennifer","Lopez","Developer","2025-01-12T21:00:00Z"
"CON_00016","CON_00016","ACC_0046","1992-01-07","IT","contact16@acc-0046.com","Sarah","Lopez","Developer","2025-01-13T02:00:00Z"
"CON_00017","CON_00017","ACC_0114","1968-07-09","IT","contact17@acc-0114.com","William","Anderson","Developer","2025-01-13T07:00:00Z"
"CON_00018","CON_00018","ACC_0114","1992-04-17","IT","contact18@acc-0114.com","Karen","Johnson","Developer","2025-01-13T09:00:00Z"
"CON_00019","CON_00019","ACC_0114","1998-06-21","IT","contact19@acc-0114.com","Mary","Davis","Developer","2025-01-13T14:00:00Z"
"CON_00020","CON_00020","ACC_0114","1990-01-01","IT","contact20@acc-0114.com","Linda","Davis","","2025-01-13T19:00:00Z"
"CON_00021","CON_00021","ACC_0093","1998-09-27","IT","contact21@acc-0093.com","David","Gonzalez","","2025-01-13T21:00:00Z"
"CON_00022","CON_00022","ACC_0093","1980-09-30","IT","contact22@acc-0093.com","Robert","Jackson","Developer","2025-01-14T02:00:00Z"
"CON_00023","CON_00023","ACC_0042","1979-10-26","IT","contact23@acc-0042.com","William","Hernandez","Developer","2025-01-14T07:00:00Z"
"CON_00024","CON_00024","ACC_0042","2003-12-10","IT","contact24@acc-0042.com","Mary","Rodriguez","Developer","2025-01-14T09:00:00Z"
"CON_00025","CON_00025","ACC_0042","1969-08-03","IT","contact25@acc-0042.com","Susan","Davis","","2025-01-14T14:00:00Z"
"CON_00026","CON_00026","ACC_0056","1966-03-20","IT","contact26@acc-0056.com","David","Davis","Developer","2025-01-14T19:00:00Z"
"CON_00027","CON_00027","ACC_0056","1992-01-07","IT","contact27@acc-0056.com","Robert","Garcia","Developer","2025-01-14T21:00:00Z"
"CON_00028","CON_00028","ACC_0056","2000-08-04","","contact28@acc-0056.com","Michael","Johnson","Developer","2025-01-15T02:00:00Z"
"CON_00029","CON_00029","ACC_0043","1973-04-03","IT","contact29@acc-0043.com","Thomas","Williams","Developer","2025-01-15T07:00:00Z"
"CON_00030","CON_00030","ACC_0076","1973-03-19","IT","contact30@acc-0076.com","David","Anderson","Developer","2025-01-15T09:00:00Z"
"CON_00031","CON_00031","ACC_0076","1972-02-23","IT","contact31@acc-0076.com","Richard","Williams","","2025-01-15T14:00:00Z"
"CON_00032","CON_00032","ACC_0076","1967-04-05","IT","contact32@acc-0076.com","Joseph","Davis","Developer","2025-01-15T19:00:00Z"
"CON_00033","CON_00033","ACC_0015","2003-06-19","IT","contact33@acc-0015.com","Jennifer","Johnson","Developer","2025-01-15T21:00:00Z"
"CON_00034","CON_00034","ACC_0018","1968-11-14","","contact34@acc-0018.com","Richard","Brown","Developer","2025-01-16T02:00:00Z"
"CON_00035","CON_00035","ACC_0018","1991-09-14","IT","contact35@acc-0018.com","Susan","Brown","Developer","2025-01-16T07:00:00Z"
"CON_00036","CON_00036","ACC_0018","1963-03-25","IT","contact36@acc-0018.com","Patricia","Williams","Developer","2025-01-16T09:00:00Z"
"CON_00037","CON_00037","ACC_0018","1997-10-05","IT","contact37@acc-0018.com","James","Rodriguez","Developer","2025-01-16T14:00:00Z"
"CON_00038","CON_00038","ACC_0086","1996-09-10","IT","contact38@acc-0086.com","Richard","Anderson","Developer","2025-01-16T19:00:00Z"
"CON_00039","CON_00039","ACC_0086","2002-07-14","IT","contact39@acc-0086.com","Jennifer","Lopez","Developer","2025-01-16T21:00:00Z"
"CON_00040","CON_00040","ACC_0085","1996-09-24","IT","contact40@acc-0085.com","Sarah","Brown","Developer","2025-01-17T02:00:00Z"
"CON_00041","CON_00041","ACC_0085","1973-10-13","IT","contact41@acc-0085.com","Jennifer","Brown","Developer","2025-01-17T07:00:00Z"
"CON_00042","CON_00042","ACC_0085","1998-10-21","IT","contact42@acc-0085.com","David","Johnson","Developer","2025-01-17T09:00:00Z"
"CON_00043","CON_00043","ACC_0017","2000-03-28","IT","contact43@acc-0017.com","Elizabeth","Rodriguez","Developer","2025-01-17T14:00:00Z"
"CON_00044","CON_00044","ACC_0017","1997-11-11","IT","contact44@acc-0017.com","Richard","Martinez","Developer","2025-01-17T19:00:00Z"
"CON_00045","CON_00045","ACC_0017","1978-04-03","","contact45@acc-0017.com","Elizabeth","Lopez","Developer","2025-01-17T21:00:00Z"
"CON_00046","CON_00046","ACC_0017","1964-01-12","IT","contact46@acc-0017.com","Jessica","Jackson","Developer","2025-01-18T02:00:00Z"
"CON_00047","CON_00047","ACC_0099","1984-07-30","IT","contact47@acc-0099.com","Sarah","Martin","Developer","2025-01-18T07:00:00Z"
"CON_00048","CON_00048","ACC_0099","1969-04-24","IT","contact48@acc-0099.com","Sarah","Lopez","Developer","2025-01-18T09:00:00Z"
"CON_00049","CON_00049","ACC_0054","1985-03-08","IT","contact49@acc-0054.com","Karen","Lopez","Developer","2025-01-18T14:00:00Z"
"CON_00050","CON_00050","ACC_0054","1991-08-31","IT","contact50@acc-0054.com","Christopher","Williams","Developer","2025-01-18T19:00:00Z"
"CON_00051","CON_00051","ACC_0054","1961-05-07","IT","contact51@acc-0054.com","Mary","Garcia","Developer","2025-01-18T21:00:00Z"
"CON_00052","CON_00052","ACC_0054","1964-12-05","IT","contact52@acc-0054.com","Jennifer","Martin","Developer","2025-01-19T02:00:00Z"
"CON_00053","CON_00053","ACC_0032","1983-10-25","IT","contact53@acc-0032.com","Robert","Garcia","","2025-01-19T07:00:00Z"
"CON_00054","CON_00054","ACC_0032","1962-07-28","IT","contact54@acc-0032.com","Patricia","Gonzalez","Developer","2025-01-19T09:00:00Z"
"CON_00055","CON_00055","ACC_0091","1971-11-09","IT","contact55@acc-0091.com","David","Jones","","2025-01-19T14:00:00Z"
"CON_00056","CON_00056","ACC_0091","1984-03-10","","contact56@acc-0091.com","Karen","Brown","Developer","2025-01-19T19:00:00Z"
"CON_00057","CON_00057","ACC_0103","2003-11-06","IT","contact57@acc-0103.com","Jennifer","Miller","Developer","2025-01-19T21:00:00Z"
"CON_00058","CON_00058","ACC_0103","1980-12-02","IT","contact58@acc-0103.com","Karen","Rodriguez","Developer","2025-01-20T02:00:00Z"
"CON_00059","CON_00059","ACC_0025","1967-08-08","IT","contact59@acc-0025.com","Robert","Thomas","Developer","2025-01-20T07:00:00Z"
"CON_00060","CON_00060","ACC_0025","1970-05-13","IT","contact60@acc-0025.com","Thomas","Miller","Developer","2025-01-20T09:00:00Z"
"CON_00061","CON_00061","ACC_0044","2002-01-16","IT","contact61@acc-0044.com","Patricia","Smith","Developer","2025-01-20T14:00:00Z"
"CON_00062","CON_00062","ACC_0044","2003-01-03","IT","contact62@acc-0044.com","James","Jones","Developer","2025-01-20T19:00:00Z"
"CON_00063","CON_00063","ACC_0059","1972-05-04","IT","contact63@acc-0059.com","Sarah","Martin","Developer","2025-01-20T21:00:00Z"
"CON_00064","CON_00064","ACC_0059","1995-04-23","","contact64@acc-0059.com","Barbara","Lopez","Developer","2025-01-21T02:00:00Z"
"CON_00065","CON_00065","ACC_0059","1977-08-11","IT","contact65@acc-0059.com","Jennifer","Davis","Developer","2025-01-21T07:00:00Z"
"CON_00066","CON_00066","ACC_0059","1970-03-19","IT","contact66@acc-0059.com","John","Anderson","Developer","2025-01-21T09:00:00Z"
"CON_00067","CON_00067","ACC_0024","1987-10-02","IT","contact67@acc-0024.com","Robert","Williams","Developer","2025-01-21T14:00:00Z"
"CON_00068","CON_00068","ACC_0024","1985-01-06","IT","contact68@acc-0024.com","Joseph","Smith","Developer","2025-01-21T19:00:00Z"
"CON_00069","CON_00069","ACC_0082","1974-12-30","IT","contact69@acc-0082.com","Jessica","Jones","Developer","2025-01-21T21:00:00Z"
"CON_00070","CON_00070","ACC_0049","1970-02-17","","contact70@acc-0049.com","Jennifer","Hernandez","Developer","2025-01-22T02:00:00Z"
"CON_00071","CON_00071","ACC_0049","1960-09-01","IT","contact71@acc-0049.com","Patricia","Gonzalez","Developer","2025-01-22T07:00:00Z"
"CON_00072","CON_00072","ACC_0049","1994-05-10","IT","contact72@acc-0049.com","William","Hernandez","Developer","2025-01-22T09:00:00Z"
"CON_00073","CON_00073","ACC_0083","1981-06-10","IT","contact73@acc-0083.com","Richard","Taylor","Developer","2025-01-22T14:00:00Z"
"CON_00074","CON_00074","ACC_0083","2004-11-25","IT","contact74@acc-0083.com","Thomas","Williams","Developer","2025-01-22T19:00:00Z"
"CON_00075","CON_00075","ACC_0083","2004-08-12","IT","contact75@acc-0083.com","Thomas","Wilson","Developer","2025-01-22T21:00:00Z"
"CON_00076","CON_00076","ACC_0083","1967-10-09","IT","contact76@acc-0083.com","Linda","Jackson","Developer","2025-01-23T02:00:00Z"
"CON_00077","CON_00077","ACC_0028","2001-06-03","IT","contact77@acc-0028.com","Patricia","Jones","Developer","2025-01-23T07:00:00Z"
"CON_00078","CON_00078","ACC_0028","1966-06-16","IT","contact78@acc-0028.com","Barbara","Garcia","Developer","2025-01-23T09:00:00Z"
"CON_00079","CON_00079","ACC_0028","1970-09-11","IT","contact79@acc-0028.com","Patricia","Jackson","Developer","2025-01-23T14:00:00Z"
"CON_00080","CON_00080","ACC_0119","1977-06-06","IT","contact80@acc-0119.com","James","Wilson","","2025-01-23T19:00:00Z"
"CON_00081","CON_00081","ACC_0119","1968-03-28","IT","contact81@acc-0119.com","Karen","Garcia","","2025-01-23T21:00:00Z"
"CON_00082","CON_00082","ACC_0119","1973-08-29","IT","contact82@acc-0119.com","Mary","Moore","Developer","2025-01-24T02:00:00Z"
"CON_00083","CON_00083","ACC_0119","1980-05-06","IT","contact83@acc-0119.com","Barbara","Williams","Developer","2025-01-24T07:00:00Z"
"CON_00084","CON_00084","ACC_0014","1973-02-10","IT","contact84@acc-0014.com","Christopher","Lopez","","2025-01-24T09:00:00Z"
"CON_00085","CON_00085","ACC_0014","1970-08-08","IT","contact85@acc-0014.com","Thomas","Wilson","Developer","2025-01-24T14:00:00Z"
"CON_00086","CON_00086","ACC_0014","1999-11-21","IT","contact86@acc-0014.com","Sarah","Davis","Developer","2025-01-24T19:00:00Z"
"CON_00087","CON_00087","ACC_0014","1987-11-13","IT","contact87@acc-0014.com","Karen","Miller","Developer","2025-01-24T21:00:00Z"
"CON_00088","CON_00088","ACC_0036","1967-11-04","IT","contact88@acc-0036.com","Thomas","Williams","Developer","2025-01-25T02:00:00Z"
"CON_00089","CON_00089","ACC_0084","1992-04-26","IT","contact89@acc-0084.com","David","Martinez","Developer","2025-01-25T07:00:00Z"
"CON_00090","CON_00090","ACC_0084","1992-05-20","IT","contact90@acc-0084.com","Patricia","Thomas","","2025-01-25T09:00:00Z"
"CON_00091","CON_00091","ACC_0084","1974-08-04","IT","contact91@acc-0084.com","Robert","Gonzalez","Developer","2025-01-25T14:00:00Z"
"CON_00092","CON_00092","ACC_0084","2000-07-18","IT","contact92@acc-0084.com","Susan","Taylor","Developer","2025-01-25T19:00:00Z"
"CON_00093","CON_00093","ACC_0118","1990-01-01","IT","contact93@acc-0118.com","Patricia","Lopez","Developer","2025-01-25T21:00:00Z"
"CON_00094","CON_00094","ACC_0060","1996-03-05","IT","contact94@acc-0060.com","Michael","Davis","Developer","2025-01-26T02:00:00Z"
"CON_00095","CON_00095","ACC_0075","1967-12-25","IT","contact95@acc-0075.com","Thomas","Brown","Developer","2025-01-26T07:00:00Z"
"CON_00096","CON_00096","ACC_0075","1976-02-11","IT","contact96@acc-0075.com","Elizabeth","Williams","","2025-01-26T09:00:00Z"
"CON_00097","CON_00097","ACC_0075","1963-04-05","IT","contact97@acc-0075.com","Christopher","Martinez","Developer","2025-01-26T14:00:00Z"
"CON_00098","CON_00098","ACC_0063","1990-01-01","IT","contact98@acc-0063.com","Mary","Anderson","Developer","2025-01-26T19:00:00Z"
"CON_00099","CON_00099","ACC_0063","1965-04-10","","contact99@acc-0063.com","Jennifer","Rodriguez","Developer","2025-01-26T21:00:00Z"
"CON_00100","CON_00100","ACC_0063","1979-09-14","IT","contact100@acc-0063.com","Linda","Smith","Developer","2025-01-27T02:00:00Z"
"CON_00101","CON_00101","ACC_0035","1985-10-18","IT","contact101@acc-0035.com","William","Taylor","Developer","2025-01-27T07:00:00Z"
"CON_00102","CON_00102","ACC_0035","2004-02-08","IT","contact102@acc-0035.com","Thomas","Garcia","Developer","2025-01-27T09:00:00Z"
"CON_00103","CON_00103","ACC_0062","1985-04-26","IT","contact103@acc-0062.com","John","Taylor","Developer","2025-01-27T14:00:00Z"
"CON_00104","CON_00104","ACC_0062","1969-06-25","IT","contact104@acc-0062.com","Mary","Smith","Developer","2025-01-27T19:00:00Z"
"CON_00105","CON_00105","ACC_0062","1999-02-21","IT","contact105@acc-0062.com","William","Jones","Developer","2025-01-27T21:00:00Z"
"CON_00106","CON_00106","ACC_0062","1988-05-02","IT","contact106@acc-0062.com","Jessica","Hernandez","Developer","2025-01-28T02:00:00Z"
"CON_00107","CON_00107","ACC_0004","1992-02-18","IT","contact107@acc-0004.com","Christopher","Jackson","Developer","2025-01-28T07:00:00Z"
"CON_00108","CON_00108","ACC_0004","1984-11-14","IT","contact108@acc-0004.com","David","Davis","","2025-01-28T09:00:00Z"
"CON_00109","CON_00109","ACC_0007","1991-08-08","IT","contact109@acc-0007.com","Linda","Miller","Developer","2025-01-28T14:00:00Z"
"CON_00110","CON_00110","ACC_0041","1987-05-21","IT","contact110@acc-0041.com","Barbara","Williams","Developer","2025-01-28T19:00:00Z"
"CON_00111","CON_00111","ACC_0041","1995-01-21","IT","contact111@acc-0041.com","Susan","Johnson","Developer","2025-01-28T21:00:00Z"
"CON_00112","CON_00112","ACC_0067","1986-10-04","IT","contact112@acc-0067.com","Mary","Jones","","2025-01-29T02:00:00Z"
"CON_00113","CON_00113","ACC_0067","1977-11-12","IT","contact113@acc-0067.com","James","Jackson","","2025-01-29T07:00:00Z"
"CON_00114","CON_00114","ACC_0100","1966-08-22","IT","contact114@acc-0100.com","Linda","Williams","Developer","2025-01-29T09:00:00Z"
"CON_00115","CON_00115","ACC_0087","1974-08-27","IT","contact115@acc-0087.com","Susan","Gonzalez","Developer","2025-01-29T14:00:00Z"
"CON_00116","CON_00116","ACC_0087","2004-04-12","IT","contact116@acc-0087.com","Susan","Lopez","Developer","2025-01-29T19:00:00Z"
"CON_00117","CON_00117","ACC_0087","1961-05-08","IT","contact117@acc-0087.com","Christopher","Johnson","Developer","2025-01-29T21:00:00Z"
"CON_00118","CON_00118","ACC_0106","1976-10-03","IT","contact118@acc-0106.com","Patricia","Jackson","Developer","2025-01-30T02:00:00Z"
"CON_00119","CON_00119","ACC_0106","1992-01-16","IT","contact119@acc-0106.com","Karen","Smith","Developer","2025-01-30T07:00:00Z"
"CON_00120","CON_00120","ACC_0106","1991-07-04","IT","contact120@acc-0106.com","David","Johnson","Developer","2025-01-30T09:00:00Z"
"CON_00121","CON_00121","ACC_0106","1961-04-18","","contact121@acc-0106.com","Joseph","Williams","Developer","2025-01-30T14:00:00Z"
"CON_00122","CON_00122","ACC_0019","1964-07-29","IT","contact122@acc-0019.com","Jessica","Jackson","Developer","2025-01-30T19:00:00Z"
"CON_00123","CON_00123","ACC_0019","1961-11-30","IT","contact123@acc-0019.com","Michael","Taylor","Developer","2025-01-30T21:00:00Z"
"CON_00124","CON_00124","ACC_0019","1981-12-14","IT","contact124@acc-0019.com","Michael","Martin","Developer","2025-01-31T02:00:00Z"
"CON_00125","CON_00125","ACC_0019","1999-01-05","IT","contact125@acc-0019.com","Mary","Johnson","Developer","2025-01-31T07:00:00Z"
"CON_00126","CON_00126","ACC_0055","1961-09-02","IT","contact126@acc-0055.com","Mary","Jones","Developer","2025-01-31T09:00:00Z"
"CON_00127","CON_00127","ACC_0055","1963-11-22","IT","contact127@acc-0055.com","James","Hernandez","Developer","2025-01-31T14:00:00Z"
"CON_00128","CON_00128","ACC_0055","1987-10-02","IT","contact128@acc-0055.com","Barbara","Jones","","2025-01-31T19:00:00Z"
"CON_00129","CON_00129","ACC_0055","2005-01-17","IT","contact129@acc-0055.com","Patricia","Rodriguez","Developer","2025-01-31T21:00:00Z"
"CON_00130","CON_00130","ACC_0045","1989-09-22","IT","contact130@acc-0045.com","Thomas","Martin","Developer","2025-02-01T02:00:00Z"
"CON_00131","CON_00131","ACC_0045","2004-07-24","IT","contact131@acc-0045.com","Linda","Martin","Developer","2025-02-01T07:00:00Z"
"CON_00132","CON_00132","ACC_0116","1981-04-20","IT","contact132@acc-0116.com","Barbara","Miller","Developer","2025-02-01T09:00:00Z"
"CON_00133","CON_00133","ACC_0102","1962-07-11","IT","contact133@acc-0102.com","Barbara","Rodriguez","Developer","2025-02-01T14:00:00Z"
"CON_00134","CON_00134","ACC_0102","1986-04-02","IT","contact134@acc-0102.com","Jennifer","Thomas","Developer","2025-02-01T19:00:00Z"
"CON_00135","CON_00135","ACC_0102","1988-02-25","IT","contact135@acc-0102.com","Barbara","Gonzalez","Developer","2025-02-01T21:00:00Z"
"CON_00136","CON_00136","ACC_0034","1970-09-27","IT","contact136@acc-0034.com","Michael","Jones","Developer","2025-02-02T02:00:00Z"
"CON_00137","CON_00137","ACC_0034","1976-10-02","IT","contact137@acc-0034.com","Barbara","Brown","Developer","2025-02-02T07:00:00Z"
"CON_00138","CON_00138","ACC_0034","1995-06-02","IT","contact138@acc-0034.com","Barbara","Wilson","Developer","2025-02-02T09:00:00Z"
"CON_00139","CON_00139","ACC_0034","1971-07-27","IT","contact139@acc-0034.com","Richard","Moore","Developer","2025-02-02T14:00:00Z"
"CON_00140","CON_00140","ACC_0089","1977-02-12","IT","contact140@acc-0089.com","Christopher","Martin","Developer","2025-02-02T19:00:00Z"
"CON_00141","CON_00141","ACC_0033","1969-02-12","IT","contact141@acc-0033.com","Joseph","Johnson","Developer","2025-02-02T21:00:00Z"
"CON_00142","CON_00142","ACC_0033","1998-06-27","IT","contact142@acc-0033.com","Jessica","Taylor","Developer","2025-02-03T02:00:00Z"
"CON_00143","CON_00143","ACC_0033","1964-04-23","IT","contact143@acc-0033.com","Robert","Wilson","Developer","2025-02-03T07:00:00Z"
"CON_00144","CON_00144","ACC_0111","1972-08-21","IT","contact144@acc-0111.com","Karen","Wilson","Developer","2025-02-03T09:00:00Z"
"CON_00145","CON_00145","ACC_0111","1995-11-19","IT","contact145@acc-0111.com","Patricia","Jackson","Developer","2025-02-03T14:00:00Z"
"CON_00146","CON_00146","ACC_0098","1975-12-23","IT","contact146@acc-0098.com","Joseph","Jones","Developer","2025-02-03T19:00:00Z"
"CON_00147","CON_00147","ACC_0098","1962-08-22","","contact147@acc-0098.com","John","Martinez","","2025-02-03T21:00:00Z"
"CON_00148","CON_00148","ACC_0098","1996-01-18","IT","contact148@acc-0098.com","Sarah","Smith","Developer","2025-02-04T02:00:00Z"
"CON_00149","CON_00149","ACC_0037","1967-10-12","IT","contact149@acc-0037.com","Patricia","Williams","Developer","2025-02-04T07:00:00Z"
"CON_00150","CON_00150","ACC_0037","1989-05-07","IT","contact150@acc-0037.com","Jessica","Garcia","Developer","2025-02-04T09:00:00Z"
"CON_00151","CON_00151","ACC_0037","1971-11-23","IT","contact151@acc-0037.com","Karen","Martin","Developer","2025-02-04T14:00:00Z"
"CON_00152","CON_00152","ACC_0027","1987-09-14","IT","contact152@acc-0027.com","James","Smith","","2025-02-04T19:00:00Z"
"CON_00153","CON_00153","ACC_0027","1986-12-20","IT","contact153@acc-0027.com","Mary","Smith","Developer","2025-02-04T21:00:00Z"
"CON_00154","CON_00154","ACC_0074","1977-01-06","IT","contact154@acc-0074.com","Thomas","Jackson","Developer","2025-02-05T02:00:00Z"
"CON_00155","CON_00155","ACC_0074","1961-05-27","IT","contact155@acc-0074.com","Patricia","Rodriguez","Developer","2025-02-05T07:00:00Z"
"CON_00156","CON_00156","ACC_0074","1985-11-24","IT","contact156@acc-0074.com","Jessica","Johnson","Developer","2025-02-05T09:00:00Z"
"CON_00157","CON_00157","ACC_0001","1972-10-28","IT","contact157@acc-0001.com","James","Hernandez","Developer","2025-02-05T14:00:00Z"
"CON_00158","CON_00158","ACC_0001","1974-06-14","","contact158@acc-0001.com","Linda","Anderson","Developer","2025-02-05T19:00:00Z"
"CON_00159","CON_00159","ACC_0001","1985-08-01","IT","contact159@acc-0001.com","James","Lopez","Developer","2025-02-05T21:00:00Z"
"CON_00160","CON_00160","ACC_0001","1964-10-08","IT","contact160@acc-0001.com","Karen","Garcia","Developer","2025-02-06T02:00:00Z"
"CON_00161","CON_00161","ACC_0016","1982-06-06","IT","contact161@acc-0016.com","Patricia","Johnson","Developer","2025-02-06T07:00:00Z"
"CON_00162","CON_00162","ACC_0016","1966-03-22","IT","contact162@acc-0016.com","Barbara","Gonzalez","Developer","2025-02-06T09:00:00Z"
"CON_00163","CON_00163","ACC_0011","1968-12-06","IT","contact163@acc-0011.com","Jennifer","Wilson","Developer","2025-02-06T14:00:00Z"
"CON_00164","CON_00164","ACC_0011","1980-05-07","IT","contact164@acc-0011.com","Michael","Martin","","2025-02-06T19:00:00Z"
"CON_00165","CON_00165","ACC_0011","1963-04-04","IT","contact165@acc-0011.com","James","Williams","Developer","2025-02-06T21:00:00Z"
"CON_00166","CON_00166","ACC_0117","1990-01-01","IT","contact166@acc-0117.com","Linda","Martin","Developer","2025-02-07T02:00:00Z"
"CON_00167","CON_00167","ACC_0117","2004-08-21","IT","contact167@acc-0117.com","William","Wilson","Developer","2025-02-07T07:00:00Z"
"CON_00168","CON_00168","ACC_0117","1993-09-02","IT","contact168@acc-0117.com","Joseph","Davis","Developer","2025-02-07T09:00:00Z"
"CON_00169","CON_00169","ACC_0117","2003-03-19","IT","contact169@acc-0117.com","Karen","Martinez","Developer","2025-02-07T14:00:00Z"
"CON_00170","CON_00170","ACC_0101","1971-11-20","IT","contact170@acc-0101.com","Joseph","Smith","Developer","2025-02-07T19:00:00Z"
"CON_00171","CON_00171","ACC_0048","2005-03-29","IT","contact171@acc-0048.com","Linda","Anderson","Developer","2025-02-07T21:00:00Z"
"CON_00172","CON_00172","ACC_0026","1990-01-20","IT","contact172@acc-0026.com","Mary","Gonzalez","Developer","2025-02-08T02:00:00Z"
"CON_00173","CON_00173","ACC_0026","1990-07-17","IT","contact173@acc-0026.com","James","Garcia","Developer","2025-02-08T07:00:00Z"
"CON_00174","CON_00174","ACC_0081","1983-08-24","IT","contact174@acc-0081.com","Jennifer","Rodriguez","Developer","2025-02-08T09:00:00Z"
"CON_00175","CON_00175","ACC_0081","1999-03-19","IT","contact175@acc-0081.com","Jessica","Jones","Developer","2025-02-08T14:00:00Z"
"CON_00176","CON_00176","ACC_0022","1979-08-05","IT","contact176@acc-0022.com","Jessica","Thomas","Developer","2025-02-08T19:00:00Z"
"CON_00177","CON_00177","ACC_0090","2004-03-17","IT","contact177@acc-0090.com","Elizabeth","Wilson","Developer","2025-02-08T21:00:00Z"
"CON_00178","CON_00178","ACC_0090","1998-01-03","IT","contact178@acc-0090.com","Elizabeth","Jones","Developer","2025-02-09T02:00:00Z"
"CON_00179","CON_00179","ACC_0090","1997-10-13","IT","contact179@acc-0090.com","Sarah","Smith","","2025-02-09T07:00:00Z"
"CON_00180","CON_00180","ACC_0064","1988-04-16","","contact180@acc-0064.com","Barbara","Smith","","2025-02-09T09:00:00Z"
"CON_00181","CON_00181","ACC_0040","1997-01-13","IT","contact181@acc-0040.com","Michael","Jackson","","2025-02-09T14:00:00Z"
"CON_00182","CON_00182","ACC_0040","1968-10-15","IT","contact182@acc-0040.com","Robert","Davis","Developer","2025-02-09T19:00:00Z"
"CON_00183","CON_00183","ACC_0088","1971-03-28","IT","contact183@acc-0088.com","Robert","Thomas","Developer","2025-02-09T21:00:00Z"
"CON_00184","CON_00184","ACC_0088","1992-03-15","IT","contact184@acc-0088.com","Patricia","Lopez","Developer","2025-02-10T02:00:00Z"
"CON_00185","CON_00185","ACC_0088","1987-12-19","IT","contact185@acc-0088.com","Michael","Taylor","Developer","2025-02-10T07:00:00Z"
"CON_00186","CON_00186","ACC_0088","2003-07-12","IT","contact186@acc-0088.com","Karen","Taylor","Developer","2025-02-10T09:00:00Z"
"CON_00187","CON_00187","ACC_0078","1962-03-12","IT","contact187@acc-0078.com","Jennifer","Anderson","Developer","2025-02-10T14:00:00Z"
"CON_00188","CON_00188","ACC_0078","1990-08-21","IT","contact188@acc-0078.com","Richard","Garcia","Developer","2025-02-10T19:00:00Z"
"CON_00189","CON_00189","ACC_0078","2003-05-15","IT","contact189@acc-0078.com","Linda","Hernandez","","2025-02-10T21:00:00Z"
"CON_00190","CON_00190","ACC_0031","1986-06-15","IT","contact190@acc-0031.com","Patricia","Jackson","","2025-02-11T02:00:00Z"
"CON_00191","CON_00191","ACC_0031","1986-10-29","IT","contact191@acc-0031.com","Karen","Jackson","Developer","2025-02-11T07:00:00Z"
"CON_00192","CON_00192","ACC_0031","1987-01-12","IT","contact192@acc-0031.com","David","Jones","Developer","2025-02-11T09:00:00Z"
"CON_00193","CON_00193","ACC_0031","1969-02-18","IT","contact193@acc-0031.com","Christopher","Johnson","Developer","2025-02-11T14:00:00Z"
"CON_00194","CON_00194","ACC_0009","1965-07-10","IT","contact194@acc-0009.com","Jennifer","Rodriguez","Developer","2025-02-11T19:00:00Z"
"CON_00195","CON_00195","ACC_0009","1985-02-18","IT","contact195@acc-0009.com","Thomas","Jones","Developer","2025-02-11T21:00:00Z"
"CON_00196","CON_00196","ACC_0009","1986-02-10","IT","contact196@acc-0009.com","Joseph","Smith","Developer","2025-02-12T02:00:00Z"
"CON_00197","CON_00197","ACC_0009","2005-06-26","IT","contact197@acc-0009.com","Barbara","Jackson","Developer","2025-02-12T07:00:00Z"
"CON_00198","CON_00198","ACC_0110","1973-11-21","IT","contact198@acc-0110.com","Jennifer","Rodriguez","Developer","2025-02-12T09:00:00Z"
"CON_00199","CON_00199","ACC_0110","1970-03-12","IT","contact199@acc-0110.com","Michael","Taylor","Developer","2025-02-12T14:00:00Z"
