Account:What.ExternalId__c,Contact:Who.Email,ExternalId__c,Priority,Status,Subject
ACC_0005,contact1@acc-0005.com,TASK_00000,Normal,Not Started,Follow up 0
ACC_0005,contact1@acc-0005.com,TASK_00001,Low,Completed,Follow up 1
ACC_0005,contact1@acc-0005.com,TASK_00002,Low,Not Started,Follow up 2
ACC_0092,contact5@acc-0092.com,TASK_00003,Normal,,Follow up 3
ACC_0092,contact5@acc-0092.com,TASK_00004,Normal,Not Started,Follow up 4
ACC_0092,contact4@acc-0092.com,TASK_00005,Low,Completed,Follow up 5
ACC_0092,contact4@acc-0092.com,TASK_00006,,Not Started,Follow up 6
ACC_0092,,TASK_00007,Low,Completed,Follow up 7
ACC_0092,contact2@acc-0092.com,TASK_00008,Low,Not Started,Follow up 8
ACC_0023,contact6@acc-0023.com,TASK_00009,High,Completed,Follow up 9
ACC_0023,,TASK_00010,Low,Completed,Follow up 10
ACC_0023,contact6@acc-0023.com,TASK_00011,Normal,Not Started,Follow up 11
ACC_0023,contact6@acc-0023.com,TASK_00012,Low,Not Started,Follow up 12
ACC_0023,contact6@acc-0023.com,TASK_00013,Normal,Not Started,Follow up 13
ACC_0023,,TASK_00014,High,Completed,Follow up 14
ACC_0023,contact6@acc-0023.com,TASK_00015,High,Completed,Follow up 15
ACC_0023,,TASK_00016,Normal,Not Started,Follow up 16
ACC_0023,contact6@acc-0023.com,TASK_00017,High,Not Started,Follow up 17
ACC_0023,contact6@acc-0023.com,TASK_00018,Low,,Follow up 18
ACC_0065,contact7@acc-0065.com,TASK_00019,Normal,Completed,Follow up 19
ACC_0065,,TASK_00020,High,Not Started,Follow up 20
ACC_0065,contact7@acc-0065.com,TASK_00021,Low,Not Started,Follow up 21
ACC_0065,contact7@acc-0065.com,TASK_00022,High,Completed,Follow up 22
ACC_0065,contact7@acc-0065.com,TASK_00023,High,Not Started,Follow up 23
ACC_0109,contact8@acc-0109.com,TASK_00024,High,Completed,Follow up 24
ACC_0109,contact10@acc-0109.com,TASK_00025,,Completed,Follow up 25
ACC_0109,contact8@acc-0109.com,TASK_00026,Low,Not Started,Follow up 26
ACC_0109,,TASK_00027,Normal,Completed,Follow up 27
ACC_0109,,TASK_00028,High,Completed,Follow up 28
ACC_0109,contact9@acc-0109.com,TASK_00029,High,Completed,Follow up 29
ACC_0109,contact8@acc-0109.com,TASK_00030,Normal,Completed,Follow up 30
ACC_0109,contact10@acc-0109.com,TASK_00031,Low,Completed,Follow up 31
ACC_0109,contact8@acc-0109.com,TASK_00032,,Not Started,Follow up 32
ACC_0109,contact10@acc-0109.com,TASK_00033,High,Not Started,Follow up 33
ACC_0053,contact12@acc-0053.com,TASK_00034,High,Not Started,Follow up 34
ACC_0053,,TASK_00035,High,Not Started,Follow up 35
ACC_0053,contact13@acc-0053.com,TASK_00036,,Not Started,Follow up 36
ACC_0079,contact14@acc-0079.com,TASK_00037,High,Not Started,Follow up 37
ACC_0079,contact14@acc-0079.com,TASK_00038,Low,Completed,Follow up 38
ACC_0079,contact14@acc-0079.com,TASK_00039,Normal,Completed,Follow up 39
ACC_0079,contact14@acc-0079.com,TASK_00040,High,Completed,Follow up 40
ACC_0079,contact14@acc-0079.com,TASK_00041,Low,Not Started,Follow up 41
ACC_0079,contact14@acc-0079.com,TASK_00042,Normal,Completed,Follow up 42
ACC_0079,,TASK_00043,Normal,,Follow up 43
ACC_0079,contact14@acc-0079.com,TASK_00044,High,Completed,Follow up 44
ACC_0079,,TASK_00045,Low,Not Started,Follow up 45
ACC_0079,contact14@acc-0079.com,TASK_00046,High,Not Started,Follow up 46
ACC_0046,,TASK_00047,High,Completed,Follow up 47
ACC_0046,,TASK_00048,High,Not Started,Follow up 48
ACC_0046,contact15@acc-0046.com,TASK_00049,High,,Follow up 49
ACC_0046,contact15@acc-0046.com,TASK_00050,Low,Not Started,Follow up 50
ACC_0046,contact15@acc-0046.com,TASK_00051,,Not Started,Follow up 51
ACC_0046,contact16@acc-0046.com,TASK_00052,High,Completed,Follow up 52
ACC_0046,,TASK_00053,Normal,Completed,Follow up 53
ACC_0046,,TASK_00054,Normal,Completed,Follow up 54
ACC_0114,contact17@acc-0114.com,TASK_00055,,Completed,Follow up 55
ACC_0114,contact18@acc-0114.com,TASK_00056,Normal,,Follow up 56
ACC_0114,contact17@acc-0114.com,TASK_00057,Low,Completed,Follow up 57
ACC_0114,contact20@acc-0114.com,TASK_00058,Low,Completed,Follow up 58
ACC_0114,contact17@acc-0114.com,TASK_00059,Normal,,Follow up 59
ACC_0093,contact21@acc-0093.com,TASK_00060,Low,Not Started,Follow up 60
ACC_0093,contact22@acc-0093.com,TASK_00061,Normal,Completed,Follow up 61
ACC_0093,contact21@acc-0093.com,TASK_00062,Normal,Not Started,Follow up 62
ACC_0093,contact21@acc-0093.com,TASK_00063,High,Not Started,Follow up 63
ACC_0093,,TASK_00064,Normal,,Follow up 64
ACC_0093,,TASK_00065,Low,Not Started,Follow up 65
ACC_0093,contact22@acc-0093.com,TASK_00066,Normal,Not Started,Follow up 66
ACC_0093,,TASK_00067,Low,Completed,Follow up 67
ACC_0093,contact21@acc-0093.com,TASK_00068,High,Not Started,Follow up 68
ACC_0093,contact21@acc-0093.com,TASK_00069,Normal,Not Started,Follow up 69
ACC_0042,contact24@acc-0042.com,TASK_00070,Normal,,Follow up 70
ACC_0042,contact23@acc-0042.com,TASK_00071,High,Not Started,Follow up 71
ACC_0042,contact24@acc-0042.com,TASK_00072,High,Not Started,Follow up 72
ACC_0056,,TASK_00073,High,Completed,Follow up 73
ACC_0056,contact27@acc-0056.com,TASK_00074,High,Not Started,Follow up 74
ACC_0056,contact28@acc-0056.com,TASK_00075,Normal,Completed,Follow up 75
ACC_0056,contact26@acc-0056.com,TASK_00076,High,Not Started,Follow up 76
ACC_0056,contact28@acc-0056.com,TASK_00077,Low,Completed,Follow up 77
ACC_0056,contact28@acc-0056.com,TASK_00078,Low,Not Started,Follow up 78
ACC_0056,contact26@acc-0056.com,TASK_00079,Normal,Completed,Follow up 79
ACC_0056,contact28@acc-0056.com,TASK_00080,Normal,Completed,Follow up 80
ACC_0043,,TASK_00081,High,Completed,Follow up 81
ACC_0043,,TASK_00082,Normal,Completed,Follow up 82
ACC_0043,contact29@acc-0043.com,TASK_00083,Normal,Completed,Follow up 83
ACC_0043,contact29@acc-0043.com,TASK_00084,,,Follow up 84
ACC_0076,contact32@acc-0076.com,TASK_00085,High,Completed,Follow up 85
ACC_0076,contact31@acc-0076.com,TASK_00086,Normal,Completed,Follow up 86
ACC_0076,contact32@acc-0076.com,TASK_00087,Normal,Completed,Follow up 87
ACC_0076,contact32@acc-0076.com,TASK_00088,High,Not Started,Follow up 88
ACC_0076,,TASK_00089,Normal,,Follow up 89
ACC_0076,contact31@acc-0076.com,TASK_00090,Low,Completed,Follow up 90
ACC_0076,contact30@acc-0076.com,TASK_00091,Normal,Not Started,Follow up 91
ACC_0076,,TASK_00092,Low,Completed,Follow up 92
ACC_0015,contact33@acc-0015.com,TASK_00093,Low,Completed,Follow up 93
ACC_0015,contact33@acc-0015.com,TASK_00094,,Not Started,Follow up 94
ACC_0015,contact33@acc-0015.com,TASK_00095,High,Not Started,Follow up 95
ACC_0015,contact33@acc-0015.com,TASK_00096,Normal,Completed,Follow up 96
ACC_0015,,TASK_00097,High,Not Started,Follow up 97
ACC_0015,contact33@acc-0015.com,TASK_00098,Normal,,Follow up 98
ACC_0018,contact35@acc-0018.com,TASK_00099,Normal,Not Started,Follow up 99
ACC_0018,,TASK_00100,Low,Completed,Follow up 100
ACC_0018,contact35@acc-0018.com,TASK_00101,,,Follow up 101
ACC_0018,contact35@acc-0018.com,TASK_00102,Low,Completed,Follow up 102
ACC_0018,contact37@acc-0018.com,TASK_00103,Low,Not Started,Follow up 103
ACC_0018,,TASK_00104,High,Completed,Follow up 104
ACC_0018,contact36@acc-0018.com,TASK_00105,High,Not Started,Follow up 105
ACC_0018,contact35@acc-0018.com,TASK_00106,Low,Not Started,Follow up 106
ACC_0018,contact34@acc-0018.com,TASK_00107,High,Completed,Follow up 107
ACC_0086,contact39@acc-0086.com,TASK_00108,Low,Completed,Follow up 108
ACC_0086,,TASK_00109,Low,Completed,Follow up 109
ACC_0086,contact39@acc-0086.com,TASK_00110,Low,,Follow up 110
ACC_0086,contact38@acc-0086.com,TASK_00111,Low,Not Started,Follow up 111
ACC_0086,,TASK_00112,Low,Not Started,Follow up 112
ACC_0086,contact38@acc-0086.com,TASK_00113,Normal,,Follow up 113
ACC_0085,,TASK_00114,Low,Completed,Follow up 114
ACC_0017,contact43@acc-0017.com,TASK_00115,High,Completed,Follow up 115
ACC_0099,contact47@acc-0099.com,TASK_00116,,Completed,Follow up 116
ACC_0099,contact48@acc-0099.com,TASK_00117,High,Not Started,Follow up 117
ACC_0099,contact47@acc-0099.com,TASK_00118,Normal,Completed,Follow up 118
ACC_0099,,TASK_00119,High,Not Started,Follow up 119
ACC_0099,,TASK_00120,Normal,Not Started,Follow up 120
ACC_0099,contact48@acc-0099.com,TASK_00121,Low,Not Started,Follow up 121
ACC_0099,contact47@acc-0099.com,TASK_00122,High,,Follow up 122
ACC_0099,contact48@acc-0099.com,TASK_00123,High,Not Started,Follow up 123
ACC_0099,contact47@acc-0099.com,TASK_00124,Normal,Completed,Follow up 124
ACC_0054,contact51@acc-0054.com,TASK_00125,Low,Not Started,Follow up 125
ACC_0054,contact49@acc-0054.com,TASK_00126,High,Completed,Follow up 126
ACC_0054,contact50@acc-0054.com,TASK_00127,Low,Not Started,Follow up 127
ACC_0054,contact52@acc-0054.com,TASK_00128,High,Not Started,Follow up 128
ACC_0032,,TASK_00129,High,Completed,Follow up 129
ACC_0032,contact54@acc-0032.com,TASK_00130,Normal,,Follow up 130
ACC_0091,,TASK_00131,,,Follow up 131
ACC_0091,contact55@acc-0091.com,TASK_00132,High,Completed,Follow up 132
ACC_0091,contact55@acc-0091.com,TASK_00133,High,Not Started,Follow up 133
ACC_0091,contact56@acc-0091.com,TASK_00134,Low,Completed,Follow up 134
ACC_0091,contact56@acc-0091.com,TASK_00135,High,Completed,Follow up 135
ACC_0091,contact55@acc-0091.com,TASK_00136,,Completed,Follow up 136
ACC_0091,,TASK_00137,Normal,Completed,Follow up 137
ACC_0091,contact56@acc-0091.com,TASK_00138,Normal,Not Started,Follow up 138
ACC_0091,contact56@acc-0091.com,TASK_00139,Low,Completed,Follow up 139
ACC_0103,contact58@acc-0103.com,TASK_00140,Low,Not Started,Follow up 140
ACC_0103,,TASK_00141,High,Completed,Follow up 141
ACC_0103,,TASK_00142,Low,Completed,Follow up 142
ACC_0103,,TASK_00143,Normal,Not Started,Follow up 143
ACC_0103,contact58@acc-0103.com,TASK_00144,High,,Follow up 144
ACC_0103,,TASK_00145,Low,Completed,Follow up 145
ACC_0025,,TASK_00146,Low,Not Started,Follow up 146
ACC_0044,contact61@acc-0044.com,TASK_00147,Normal,Completed,Follow up 147
ACC_0044,,TASK_00148,High,Not Started,Follow up 148
ACC_0059,contact65@acc-0059.com,TASK_00149,Normal,Completed,Follow up 149
ACC_0059,contact66@acc-0059.com,TASK_00150,Low,Not Started,Follow up 150
ACC_0059,contact64@acc-0059.com,TASK_00151,High,Not Started,Follow up 151
ACC_0059,contact63@acc-0059.com,TASK_00152,High,Completed,Follow up 152
ACC_0059,,TASK_00153,Low,Not Started,Follow up 153
ACC_0059,,TASK_00154,High,Not Started,Follow up 154
ACC_0059,contact66@acc-0059.com,TASK_00155,High,Completed,Follow up 155
ACC_0059,contact65@acc-0059.com,TASK_00156,Low,Not Started,Follow up 156
ACC_0024,contact67@acc-0024.com,TASK_00157,Normal,Completed,Follow up 157
ACC_0024,contact67@acc-0024.com,TASK_00158,,Completed,Follow up 158
ACC_0024,contact67@acc-0024.com,TASK_00159,Normal,,Follow up 159
ACC_0024,,TASK_00160,Low,Completed,Follow up 160
ACC_0024,contact68@acc-0024.com,TASK_00161,Low,Completed,Follow up 161
ACC_0082,contact69@acc-0082.com,TASK_00162,Normal,Completed,Follow up 162
ACC_0082,contact69@acc-0082.com,TASK_00163,Normal,Not Started,Follow up 163
ACC_0049,contact72@acc-0049.com,TASK_00164,High,Completed,Follow up 164
ACC_0049,,TASK_00165,High,Not Started,Follow up 165
ACC_0049,,TASK_00166,High,Not Started,Follow up 166
ACC_0049,,TASK_00167,Normal,Not Started,Follow up 167
ACC_0049,contact70@acc-0049.com,TASK_00168,High,Not Started,Follow up 168
ACC_0049,,TASK_00169,Low,,Follow up 169
ACC_0049,,TASK_00170,Low,Not Started,Follow up 170
ACC_0083,,TASK_00171,Low,Not Started,Follow up 171
ACC_0083,contact75@acc-0083.com,TASK_00172,High,Not Started,Follow up 172
ACC_0083,contact74@acc-0083.com,TASK_00173,High,Completed,Follow up 173
ACC_0083,contact76@acc-0083.com,TASK_00174,High,Completed,Follow up 174
ACC_0083,contact76@acc-0083.com,TASK_00175,High,,Follow up 175
ACC_0083,contact76@acc-0083.com,TASK_00176,High,Not Started,Follow up 176
ACC_0083,contact75@acc-0083.com,TASK_00177,Normal,Not Started,Follow up 177
ACC_0083,contact76@acc-0083.com,TASK_00178,Low,Not Started,Follow up 178
ACC_0083,,TASK_00179,Low,,Follow up 179
ACC_0083,contact73@acc-0083.com,TASK_00180,Normal,Completed,Follow up 180
ACC_0028,contact79@acc-0028.com,TASK_00181,High,Completed,Follow up 181
ACC_0028,contact78@acc-0028.com,TASK_00182,Normal,Completed,Follow up 182
ACC_0028,contact79@acc-0028.com,TASK_00183,Normal,Completed,Follow up 183
ACC_0028,contact79@acc-0028.com,TASK_00184,Normal,Not Started,Follow up 184
ACC_0028,contact78@acc-0028.com,TASK_00185,Normal,Completed,Follow up 185
ACC_0028,contact77@acc-0028.com,TASK_00186,High,Completed,Follow up 186
ACC_0028,contact78@acc-0028.com,TASK_00187,Normal,Not Started,Follow up 187
ACC_0028,,TASK_00188,Low,Completed,Follow up 188
ACC_0028,,TASK_00189,Low,Not Started,Follow up 189
ACC_0028,contact79@acc-0028.com,TASK_00190,,Completed,Follow up 190
ACC_0119,contact80@acc-0119.com,TASK_00191,Normal,Not Started,Follow up 191
ACC_0119,contact83@acc-0119.com,TASK_00192,High,Not Started,Follow up 192
ACC_0119,,TASK_00193,,Not Started,Follow up 193
ACC_0119,contact82@acc-0119.com,TASK_00194,Low,Not Started,Follow up 194
ACC_0119,contact83@acc-0119.com,TASK_00195,Normal,Not Started,Follow up 195
ACC_0119,contact83@acc-0119.com,TASK_00196,Normal,Not Started,Follow up 196
ACC_0119,contact82@acc-0119.com,TASK_00197,Low,Not Started,Follow up 197
ACC_0119,contact80@acc-0119.com,TASK_00198,Normal,,Follow up 198
ACC_0014,contact85@acc-0014.com,TASK_00199,Low,Not Started,Follow up 199
ACC_0036,contact88@acc-0036.com,TASK_00200,Low,Not Started,Follow up 200
ACC_0036,contact88@acc-0036.com,TASK_00201,Low,Not Started,Follow up 201
ACC_0036,contact88@acc-0036.com,TASK_00202,High,Completed,Follow up 202
ACC_0036,contact88@acc-0036.com,TASK_00203,High,Completed,Follow up 203
ACC_0036,contact88@acc-0036.com,TASK_00204,Low,Not Started,Follow up 204
ACC_0036,contact88@acc-0036.com,TASK_00205,Low,Not Started,Follow up 205
ACC_0084,,TASK_00206,Low,Completed,Follow up 206
ACC_0084,,TASK_00207,High,Not Started,Follow up 207
ACC_0084,contact92@acc-0084.com,TASK_00208,Low,Completed,Follow up 208
ACC_0084,contact89@acc-0084.com,TASK_00209,High,Completed,Follow up 209
ACC_0084,,TASK_00210,Normal,Not Started,Follow up 210
ACC_0084,,TASK_00211,High,Completed,Follow up 211
ACC_0118,,TASK_00212,Low,Completed,Follow up 212
ACC_0118,contact93@acc-0118.com,TASK_00213,High,,Follow up 213
ACC_0060,contact94@acc-0060.com,TASK_00214,High,Not Started,Follow up 214
ACC_0060,contact94@acc-0060.com,TASK_00215,Normal,Completed,Follow up 215
ACC_0060,contact94@acc-0060.com,TASK_00216,High,,Follow up 216
ACC_0075,contact96@acc-0075.com,TASK_00217,High,Not Started,Follow up 217
ACC_0075,,TASK_00218,Low,Completed,Follow up 218
ACC_0075,contact96@acc-0075.com,TASK_00219,High,Completed,Follow up 219
ACC_0063,contact100@acc-0063.com,TASK_00220,Low,,Follow up 220
ACC_0063,contact99@acc-0063.com,TASK_00221,High,Not Started,Follow up 221
ACC_0063,,TASK_00222,Low,Not Started,Follow up 222
ACC_0063,contact100@acc-0063.com,TASK_00223,Low,Not Started,Follow up 223
ACC_0063,contact98@acc-0063.com,TASK_00224,High,Not Started,Follow up 224
ACC_0063,,TASK_00225,Low,Completed,Follow up 225
ACC_0063,contact98@acc-0063.com,TASK_00226,Normal,Completed,Follow up 226
ACC_0063,contact98@acc-0063.com,TASK_00227,Normal,Not Started,Follow up 227
ACC_0035,,TASK_00228,,Completed,Follow up 228
ACC_0035,,TASK_00229,Normal,Not Started,Follow up 229
ACC_0035,contact102@acc-0035.com,TASK_00230,Normal,Not Started,Follow up 230
ACC_0062,contact106@acc-0062.com,TASK_00231,High,Completed,Follow up 231
ACC_0062,contact103@acc-0062.com,TASK_00232,,Completed,Follow up 232
ACC_0062,contact106@acc-0062.com,TASK_00233,,Completed,Follow up 233
ACC_0062,contact104@acc-0062.com,TASK_00234,Low,Completed,Follow up 234
ACC_0062,contact106@acc-0062.com,TASK_00235,Low,Not Started,Follow up 235
ACC_0062,contact106@acc-0062.com,TASK_00236,High,Not Started,Follow up 236
ACC_0062,contact103@acc-0062.com,TASK_00237,High,Completed,Follow up 237
ACC_0062,contact104@acc-0062.com,TASK_00238,High,Not Started,Follow up 238
ACC_0062,contact104@acc-0062.com,TASK_00239,Low,Not Started,Follow up 239
ACC_0004,contact107@acc-0004.com,TASK_00240,Normal,Completed,Follow up 240
ACC_0004,contact108@acc-0004.com,TASK_00241,High,Not Started,Follow up 241
ACC_0004,,TASK_00242,Normal,Completed,Follow up 242
ACC_0004,contact107@acc-0004.com,TASK_00243,High,Completed,Follow up 243
ACC_0004,contact108@acc-0004.com,TASK_00244,Normal,Not Started,Follow up 244
ACC_0004,contact107@acc-0004.com,TASK_00245,Normal,Not Started,Follow up 245
ACC_0004,contact107@acc-0004.com,TASK_00246,Normal,Completed,Follow up 246
ACC_0004,contact107@acc-0004.com,TASK_00247,High,Completed,Follow up 247
ACC_0004,contact108@acc-0004.com,TASK_00248,Normal,,Follow up 248
ACC_0007,contact109@acc-0007.com,TASK_00249,,Not Started,Follow up 249
ACC_0007,contact109@acc-0007.com,TASK_00250,Low,Completed,Follow up 250
ACC_0007,contact109@acc-0007.com,TASK_00251,Normal,Completed,Follow up 251
ACC_0007,contact109@acc-0007.com,TASK_00252,Low,Not Started,Follow up 252
ACC_0007,,TASK_00253,,Not Started,Follow up 253
ACC_0041,contact110@acc-0041.com,TASK_00254,Low,Not Started,Follow up 254
ACC_0041,contact111@acc-0041.com,TASK_00255,High,Completed,Follow up 255
ACC_0067,contact112@acc-0067.com,TASK_00256,Low,Completed,Follow up 256
ACC_0067,contact112@acc-0067.com,TASK_00257,Low,Not Started,Follow up 257
ACC_0067,,TASK_00258,Normal,Not Started,Follow up 258
ACC_0067,contact112@acc-0067.com,TASK_00259,Low,Not Started,Follow up 259
ACC_0067,contact112@acc-0067.com,TASK_00260,High,,Follow up 260
ACC_0067,contact112@acc-0067.com,TASK_00261,Normal,Not Started,Follow up 261
ACC_0100,,TASK_00262,High,,Follow up 262
ACC_0100,contact114@acc-0100.com,TASK_00263,,Completed,Follow up 263
ACC_0100,contact114@acc-0100.com,TASK_00264,High,Completed,Follow up 264
ACC_0100,contact114@acc-0100.com,TASK_00265,High,Not Started,Follow up 265
ACC_0100,contact114@acc-0100.com,TASK_00266,High,Not Started,Follow up 266
ACC_0100,contact114@acc-0100.com,TASK_00267,Normal,Completed,Follow up 267
ACC_0100,contact114@acc-0100.com,TASK_00268,High,Completed,Follow up 268
ACC_0100,,TASK_00269,Low,Completed,Follow up 269
ACC_0087,contact115@acc-0087.com,TASK_00270,,Not Started,Follow up 270
ACC_0087,contact115@acc-0087.com,TASK_00271,Normal,Not Started,Follow up 271
ACC_0087,contact115@acc-0087.com,TASK_00272,High,Not Started,Follow up 272
ACC_0087,contact117@acc-0087.com,TASK_00273,Low,Completed,Follow up 273
ACC_0087,contact117@acc-0087.com,TASK_00274,Low,,Follow up 274
ACC_0087,contact116@acc-0087.com,TASK_00275,High,Not Started,Follow up 275
ACC_0087,contact116@acc-0087.com,TASK_00276,Normal,,Follow up 276
ACC_0087,,TASK_00277,High,,Follow up 277
ACC_0087,contact117@acc-0087.com,TASK_00278,High,Not Started,Follow up 278
ACC_0106,contact118@acc-0106.com,TASK_00279,Normal,Completed,Follow up 279
ACC_0106,contact119@acc-0106.com,TASK_00280,,Completed,Follow up 280
ACC_0106,,TASK_00281,High,Completed,Follow up 281
ACC_0106,contact121@acc-0106.com,TASK_00282,,Not Started,Follow up 282
ACC_0106,contact118@acc-0106.com,TASK_00283,High,Not Started,Follow up 283
ACC_0106,contact121@acc-0106.com,TASK_00284,Low,Completed,Follow up 284
ACC_0106,contact119@acc-0106.com,TASK_00285,High,Completed,Follow up 285
ACC_0106,contact121@acc-0106.com,TASK_00286,High,Not Started,Follow up 286
ACC_0019,,TASK_00287,Low,Completed,Follow up 287
ACC_0019,contact122@acc-0019.com,TASK_00288,High,Not Started,Follow up 288
ACC_0019,contact123@acc-0019.com,TASK_00289,High,Completed,Follow up 289
ACC_0019,contact122@acc-0019.com,TASK_00290,High,,Follow up 290
ACC_0019,,TASK_00291,High,Not Started,Follow up 291
ACC_0019,contact125@acc-0019.com,TASK_00292,High,Not Started,Follow up 292
ACC_0019,contact125@acc-0019.com,TASK_00293,Low,Completed,Follow up 293
ACC_0019,contact123@acc-0019.com,TASK_00294,Normal,Completed,Follow up 294
ACC_0019,contact122@acc-0019.com,TASK_00295,High,Completed,Follow up 295
ACC_0019,,TASK_00296,Normal,Completed,Follow up 296
ACC_0055,,TASK_00297,Low,Completed,Follow up 297
ACC_0055,contact127@acc-0055.com,TASK_00298,Low,Completed,Follow up 298
ACC_0055,,TASK_00299,Low,,Follow up 299
ACC_0055,,TASK_00300,High,Not Started,Follow up 300
ACC_0055,contact128@acc-0055.com,TASK_00301,High,,Follow up 301
ACC_0055,,TASK_00302,Normal,Completed,Follow up 302
ACC_0045,contact130@acc-0045.com,TASK_00303,High,Completed,Follow up 303
ACC_0045,,TASK_00304,Normal,Not Started,Follow up 304
ACC_0045,contact131@acc-0045.com,TASK_00305,Normal,Completed,Follow up 305
ACC_0045,contact130@acc-0045.com,TASK_00306,High,Not Started,Follow up 306
ACC_0045,contact131@acc-0045.com,TASK_00307,High,Not Started,Follow up 307
ACC_0116,contact132@acc-0116.com,TASK_00308,High,Completed,Follow up 308
ACC_0102,contact133@acc-0102.com,TASK_00309,Low,Completed,Follow up 309
ACC_0102,contact133@acc-0102.com,TASK_00310,High,,Follow up 310
ACC_0102,,TASK_00311,Low,Completed,Follow up 311
ACC_0102,contact134@acc-0102.com,TASK_00312,Low,Completed,Follow up 312
ACC_0102,contact133@acc-0102.com,TASK_00313,Low,Not Started,Follow up 313
ACC_0102,contact133@acc-0102.com,TASK_00314,Normal,Not Started,Follow up 314
ACC_0102,contact134@acc-0102.com,TASK_00315,Normal,Completed,Follow up 315
ACC_0034,,TASK_00316,Normal,Completed,Follow up 316
ACC_0034,contact136@acc-0034.com,TASK_00317,Normal,Not Started,Follow up 317
ACC_0034,contact139@acc-0034.com,TASK_00318,Normal,,Follow up 318
ACC_0034,contact136@acc-0034.com,TASK_00319,Normal,,Follow up 319
ACC_0034,contact139@acc-0034.com,TASK_00320,High,Not Started,Follow up 320
ACC_0034,,TASK_00321,Low,Not Started,Follow up 321
ACC_0089,contact140@acc-0089.com,TASK_00322,Normal,Not Started,Follow up 322
ACC_0033,contact142@acc-0033.com,TASK_00323,Low,Not Started,Follow up 323
ACC_0111,contact145@acc-0111.com,TASK_00324,Low,Not Started,Follow up 324
ACC_0111,contact145@acc-0111.com,TASK_00325,Low,Not Started,Follow up 325
ACC_0111,contact145@acc-0111.com,TASK_00326,Normal,Not Started,Follow up 326
ACC_0111,,TASK_00327,Low,Not Started,Follow up 327
ACC_0111,contact144@acc-0111.com,TASK_00328,Normal,,Follow up 328
ACC_0111,contact145@acc-0111.com,TASK_00329,Low,Not Started,Follow up 329
ACC_0111,contact145@acc-0111.com,TASK_00330,Low,Not Started,Follow up 330
ACC_0111,,TASK_00331,High,Not Started,Follow up 331
ACC_0111,contact145@acc-0111.com,TASK_00332,Normal,Completed,Follow up 332
ACC_0111,contact145@acc-0111.com,TASK_00333,High,Not Started,Follow up 333
ACC_0098,contact146@acc-0098.com,TASK_00334,Normal,Not Started,Follow up 334
ACC_0098,contact147@acc-0098.com,TASK_00335,Normal,Not Started,Follow up 335
ACC_0037,contact151@acc-0037.com,TASK_00336,High,Completed,Follow up 336
ACC_0037,contact150@acc-0037.com,TASK_00337,Normal,Not Started,Follow up 337
ACC_0037,contact151@acc-0037.com,TASK_00338,Normal,Not Started,Follow up 338
ACC_0037,,TASK_00339,High,Completed,Follow up 339
ACC_0037,contact149@acc-0037.com,TASK_00340,Low,,Follow up 340
ACC_0037,contact150@acc-0037.com,TASK_00341,High,,Follow up 341
ACC_0037,,TASK_00342,Low,Not Started,Follow up 342
ACC_0027,contact152@acc-0027.com,TASK_00343,High,,Follow up 343
ACC_0027,contact153@acc-0027.com,TASK_00344,High,Completed,Follow up 344
ACC_0027,contact152@acc-0027.com,TASK_00345,,Not Started,Follow up 345
ACC_0027,,TASK_00346,Low,Not Started,Follow up 346
ACC_0027,contact153@acc-0027.com,TASK_00347,Low,Not Started,Follow up 347
ACC_0027,,TASK_00348,Normal,Completed,Follow up 348
ACC_0074,contact155@acc-0074.com,TASK_00349,Low,Completed,Follow up 349
ACC_0074,contact156@acc-0074.com,TASK_00350,,Completed,Follow up 350
ACC_0074,contact154@acc-0074.com,TASK_00351,High,Completed,Follow up 351
ACC_0074,contact154@acc-0074.com,TASK_00352,Normal,Not Started,Follow up 352
ACC_0074,contact155@acc-0074.com,TASK_00353,Low,Not Started,Follow up 353
ACC_0074,contact155@acc-0074.com,TASK_00354,Normal,Completed,Follow up 354
ACC_0074,contact154@acc-0074.com,TASK_00355,Normal,Completed,Follow up 355
ACC_0074,contact154@acc-0074.com,TASK_00356,Low,Not Started,Follow up 356
ACC_0074,contact155@acc-0074.com,TASK_00357,Low,Completed,Follow up 357
ACC_0074,,TASK_00358,Normal,Not Started,Follow up 358
ACC_0001,contact160@acc-0001.com,TASK_00359,Low,Completed,Follow up 359
ACC_0001,contact157@acc-0001.com,TASK_00360,High,Completed,Follow up 360
ACC_0001,contact158@acc-0001.com,TASK_00361,Normal,Not Started,Follow up 361
ACC_0001,,TASK_00362,Low,Completed,Follow up 362
ACC_0001,contact157@acc-0001.com,TASK_00363,High,Completed,Follow up 363
ACC_0001,contact160@acc-0001.com,TASK_00364,Low,Not Started,Follow up 364
ACC_0001,contact158@acc-0001.com,TASK_00365,Normal,Completed,Follow up 365
ACC_0016,contact161@acc-0016.com,TASK_00366,Normal,Not Started,Follow up 366
ACC_0016,contact162@acc-0016.com,TASK_00367,Normal,Completed,Follow up 367
ACC_0016,contact162@acc-0016.com,TASK_00368,Normal,,Follow up 368
ACC_0016,contact161@acc-0016.com,TASK_00369,,Completed,Follow up 369
ACC_0016,,TASK_00370,Low,Not Started,Follow up 370
ACC_0016,contact162@acc-0016.com,TASK_00371,High,Not Started,Follow up 371
ACC_0016,contact162@acc-0016.com,TASK_00372,Low,Not Started,Follow up 372
ACC_0016,contact161@acc-0016.com,TASK_00373,Normal,Completed,Follow up 373
ACC_0011,,TASK_00374,Normal,Completed,Follow up 374
ACC_0117,contact168@acc-0117.com,TASK_00375,High,Completed,Follow up 375
ACC_0117,contact166@acc-0117.com,TASK_00376,Normal,Completed,Follow up 376
ACC_0117,contact167@acc-0117.com,TASK_00377,Low,Not Started,Follow up 377
ACC_0117,,TASK_00378,Normal,Not Started,Follow up 378
ACC_0117,,TASK_00379,,Not Started,Follow up 379
ACC_0117,contact166@acc-0117.com,TASK_00380,,Not Started,Follow up 380
ACC_0117,contact166@acc-0117.com,TASK_00381,Low,Not Started,Follow up 381
ACC_0117,,TASK_00382,,Completed,Follow up 382
ACC_0101,,TASK_00383,Low,,Follow up 383
ACC_0101,contact170@acc-0101.com,TASK_00384,,,Follow up 384
ACC_0101,,TASK_00385,Normal,Completed,Follow up 385
ACC_0101,contact170@acc-0101.com,TASK_00386,Low,,Follow up 386
ACC_0101,contact170@acc-0101.com,TASK_00387,Normal,Completed,Follow up 387
ACC_0101,contact170@acc-0101.com,TASK_00388,High,Not Started,Follow up 388
ACC_0101,,TASK_00389,Low,Completed,Follow up 389
ACC_0048,contact171@acc-0048.com,TASK_00390,High,Not Started,Follow up 390
ACC_0048,contact171@acc-0048.com,TASK_00391,High,Not Started,Follow up 391
ACC_0048,,TASK_00392,Low,Completed,Follow up 392
ACC_0048,,TASK_00393,Low,Not Started,Follow up 393
ACC_0048,contact171@acc-0048.com,TASK_00394,Normal,,Follow up 394
ACC_0048,contact171@acc-0048.com,TASK_00395,Low,Completed,Follow up 395
ACC_0048,contact171@acc-0048.com,TASK_00396,High,,Follow up 396
ACC_0048,contact171@acc-0048.com,TASK_00397,Low,Completed,Follow up 397
ACC_0026,contact173@acc-0026.com,TASK_00398,Low,Not Started,Follow up 398
ACC_0026,contact172@acc-0026.com,TASK_00399,Low,,Follow up 399
ACC_0026,,TASK_00400,Low,Completed,Follow up 400
ACC_0026,contact173@acc-0026.com,TASK_00401,Normal,Not Started,Follow up 401
ACC_0026,contact172@acc-0026.com,TASK_00402,Normal,Completed,Follow up 402
ACC_0081,contact174@acc-0081.com,TASK_00403,Normal,Completed,Follow up 403
ACC_0081,,TASK_00404,High,,Follow up 404
ACC_0081,contact174@acc-0081.com,TASK_00405,Normal,Completed,Follow up 405
ACC_0081,contact175@acc-0081.com,TASK_00406,High,Completed,Follow up 406
ACC_0081,contact174@acc-0081.com,TASK_00407,Low,Not Started,Follow up 407
ACC_0022,contact176@acc-0022.com,TASK_00408,Low,Completed,Follow up 408
ACC_0022,,TASK_00409,High,Completed,Follow up 409
ACC_0022,,TASK_00410,High,Completed,Follow up 410
ACC_0022,contact176@acc-0022.com,TASK_00411,,Not Started,Follow up 411
ACC_0022,,TASK_00412,Low,Not Started,Follow up 412
ACC_0090,contact177@acc-0090.com,TASK_00413,Normal,Not Started,Follow up 413
ACC_0090,contact179@acc-0090.com,TASK_00414,High,Completed,Follow up 414
ACC_0090,contact177@acc-0090.com,TASK_00415,High,,Follow up 415
ACC_0090,contact177@acc-0090.com,TASK_00416,High,Not Started,Follow up 416
ACC_0090,,TASK_00417,Low,Not Started,Follow up 417
ACC_0064,contact180@acc-0064.com,TASK_00418,Normal,Completed,Follow up 418
ACC_0064,contact180@acc-0064.com,TASK_00419,High,Completed,Follow up 419
ACC_0064,contact180@acc-0064.com,TASK_00420,Normal,Not Started,Follow up 420
ACC_0064,contact180@acc-0064.com,TASK_00421,Low,Not Started,Follow up 421
ACC_0064,contact180@acc-0064.com,TASK_00422,Normal,Completed,Follow up 422
ACC_0064,contact180@acc-0064.com,TASK_00423,Low,Not Started,Follow up 423
ACC_0040,contact181@acc-0040.com,TASK_00424,Low,Not Started,Follow up 424
ACC_0040,contact182@acc-0040.com,TASK_00425,Low,Not Started,Follow up 425
ACC_0040,contact182@acc-0040.com,TASK_00426,Normal,Completed,Follow up 426
ACC_0040,,TASK_00427,Low,Not Started,Follow up 427
ACC_0040,,TASK_00428,Normal,Completed,Follow up 428
ACC_0040,contact181@acc-0040.com,TASK_00429,Low,Not Started,Follow up 429
ACC_0040,contact182@acc-0040.com,TASK_00430,,Completed,Follow up 430
ACC_0040,contact182@acc-0040.com,TASK_00431,High,Completed,Follow up 431
ACC_0040,,TASK_00432,Low,Not Started,Follow up 432
ACC_0040,,TASK_00433,Low,Completed,Follow up 433
ACC_0088,contact185@acc-0088.com,TASK_00434,Normal,Not Started,Follow up 434
ACC_0088,contact184@acc-0088.com,TASK_00435,High,Not Started,Follow up 435
ACC_0088,contact186@acc-0088.com,TASK_00436,,Completed,Follow up 436
ACC_0088,contact183@acc-0088.com,TASK_00437,High,Not Started,Follow up 437
ACC_0088,contact185@acc-0088.com,TASK_00438,,Not Started,Follow up 438
ACC_0088,contact184@acc-0088.com,TASK_00439,Normal,Not Started,Follow up 439
ACC_0088,contact184@acc-0088.com,TASK_00440,High,Not Started,Follow up 440
ACC_0088,contact185@acc-0088.com,TASK_00441,Low,Not Started,Follow up 441
ACC_0088,contact183@acc-0088.com,TASK_00442,High,Not Started,Follow up 442
ACC_0078,contact188@acc-0078.com,TASK_00443,Normal,Completed,Follow up 443
ACC_0078,contact188@acc-0078.com,TASK_00444,High,,Follow up 444
ACC_0078,contact187@acc-0078.com,TASK_00445,Low,Completed,Follow up 445
ACC_0078,,TASK_00446,Normal,,Follow up 446
ACC_0078,contact189@acc-0078.com,TASK_00447,High,Completed,Follow up 447
ACC_0078,contact189@acc-0078.com,TASK_00448,Normal,Completed,Follow up 448
ACC_0031,contact190@acc-0031.com,TASK_00449,High,Completed,Follow up 449
ACC_0031,contact193@acc-0031.com,TASK_00450,Low,Completed,Follow up 450
ACC_0031,,TASK_00451,Low,,Follow up 451
ACC_0031,contact190@acc-0031.com,TASK_00452,Normal,Not Started,Follow up 452
ACC_0031,contact192@acc-0031.com,TASK_00453,Low,Completed,Follow up 453
ACC_0009,contact194@acc-0009.com,TASK_00454,Normal,Not Started,Follow up 454
ACC_0009,contact197@acc-0009.com,TASK_00455,High,Not Started,Follow up 455
ACC_0009,contact194@acc-0009.com,TASK_00456,Normal,Completed,Follow up 456
ACC_0009,contact195@acc-0009.com,TASK_00457,,Completed,Follow up 457
ACC_0110,contact198@acc-0110.com,TASK_00458,Low,Completed,Follow up 458
ACC_0110,contact198@acc-0110.com,TASK_00459,Low,Not Started,Follow up 459
ACC_0110,,TASK_00460,Low,Completed,Follow up 460
ACC_0110,contact199@acc-0110.com,TASK_00461,Normal,Not Started,Follow up 461
ACC_0110,,TASK_00462,Normal,Not Started,Follow up 462
ACC_0110,contact199@acc-0110.com,TASK_00463,Normal,Completed,Follow up 463
ACC_0110,,TASK_00464,High,Not Started,Follow up 464
ACC_0110,contact199@acc-0110.com,TASK_00465,Low,Not Started,Follow up 465
ACC_0110,contact198@acc-0110.com,TASK_00466,Normal,,Follow up 466
ACC_0013,,TASK_00467,Low,,Follow up 467
ACC_0013,,TASK_00468,Low,Not Started,Follow up 468
ACC_0013,,TASK_00469,Normal,Completed,Follow up 469
ACC_0013,,TASK_00470,High,Not Started,Follow up 470
ACC_0013,,TASK_00471,,Completed,Follow up 471
ACC_0013,,TASK_00472,Normal,Not Started,Follow up 472
ACC_0013,,TASK_00473,,Not Started,Follow up 473
ACC_0013,,TASK_00474,Low,Completed,Follow up 474
ACC_0013,,TASK_00475,High,Not Started,Follow up 475
ACC_0112,,TASK_00476,Low,Not Started,Follow up 476
ACC_0112,,TASK_00477,Low,Completed,Follow up 477
ACC_0112,,TASK_00478,Normal,Not Started,Follow up 478
ACC_0112,,TASK_00479,,Not Started,Follow up 479
ACC_0112,,TASK_00480,,Completed,Follow up 480
ACC_0112,,TASK_00481,High,Completed,Follow up 481
ACC_0112,,TASK_00482,Low,Not Started,Follow up 482
ACC_0112,,TASK_00483,Low,Not Started,Follow up 483
ACC_0112,,TASK_00484,,Not Started,Follow up 484
ACC_0112,,TASK_00485,High,Completed,Follow up 485
ACC_0080,,TASK_00486,Normal,Not Started,Follow up 486
ACC_0080,,TASK_00487,,Completed,Follow up 487
ACC_0080,,TASK_00488,Low,Completed,Follow up 488
ACC_0080,,TASK_00489,,Not Started,Follow up 489
ACC_0094,,TASK_00490,,Not Started,Follow up 490
ACC_0115,,TASK_00491,Normal,,Follow up 491
ACC_0115,,TASK_00492,Normal,Not Started,Follow up 492
ACC_0115,,TASK_00493,High,,Follow up 493
ACC_0077,,TASK_00494,Low,Not Started,Follow up 494
ACC_0077,,TASK_00495,High,Not Started,Follow up 495
ACC_0077,,TASK_00496,High,Completed,Follow up 496
ACC_0012,,TASK_00497,High,Completed,Follow up 497
ACC_0012,,TASK_00498,Low,Not Started,Follow up 498
ACC_0012,,TASK_00499,Normal,Completed,Follow up 499
ACC_0012,,TASK_00500,High,Completed,Follow up 500
ACC_0012,,TASK_00501,Low,Not Started,Follow up 501
ACC_0012,,TASK_00502,High,Not Started,Follow up 502
ACC_0012,,TASK_00503,,Completed,Follow up 503
ACC_0058,,TASK_00504,Normal,Completed,Follow up 504
ACC_0095,,TASK_00505,,,Follow up 505
ACC_0095,,TASK_00506,Low,Not Started,Follow up 506
ACC_0095,,TASK_00507,Normal,Not Started,Follow up 507
ACC_0104,,TASK_00508,High,Not Started,Follow up 508
ACC_0030,,TASK_00509,Low,Completed,Follow up 509
ACC_0105,,TASK_00510,Normal,Completed,Follow up 510
ACC_0105,,TASK_00511,Normal,Completed,Follow up 511
ACC_0105,,TASK_00512,Normal,Completed,Follow up 512
ACC_0105,,TASK_00513,Normal,Not Started,Follow up 513
ACC_0105,,TASK_00514,,Not Started,Follow up 514
ACC_0105,,TASK_00515,Normal,Completed,Follow up 515
ACC_0069,,TASK_00516,High,Not Started,Follow up 516
ACC_0069,,TASK_00517,,,Follow up 517
ACC_0069,,TASK_00518,High,Not Started,Follow up 518
ACC_0069,,TASK_00519,Normal,Not Started,Follow up 519
ACC_0069,,TASK_00520,High,Not Started,Follow up 520
ACC_0069,,TASK_00521,Normal,Not Started,Follow up 521
ACC_0069,,TASK_00522,High,Completed,Follow up 522
ACC_0069,,TASK_00523,Low,Completed,Follow up 523
ACC_0069,,TASK_00524,Normal,Not Started,Follow up 524
ACC_0052,,TASK_00525,Low,Completed,Follow up 525
ACC_0052,,TASK_00526,Normal,,Follow up 526
ACC_0052,,TASK_00527,Low,Not Started,Follow up 527
ACC_0052,,TASK_00528,Low,Not Started,Follow up 528
ACC_0052,,TASK_00529,Low,,Follow up 529
ACC_0052,,TASK_00530,High,Completed,Follow up 530
ACC_0052,,TASK_00531,High,Completed,Follow up 531
ACC_0052,,TASK_00532,,Not Started,Follow up 532
ACC_0052,,TASK_00533,Low,Completed,Follow up 533
ACC_0052,,TASK_00534,Low,Not Started,Follow up 534
ACC_0000,,TASK_00535,Low,Completed,Follow up 535
ACC_0000,,TASK_00536,Low,Not Started,Follow up 536
ACC_0000,,TASK_00537,Normal,Not Started,Follow up 537
ACC_0000,,TASK_00538,Low,Completed,Follow up 538
ACC_0000,,TASK_00539,High,Completed,Follow up 539
ACC_0000,,TASK_00540,Normal,,Follow up 540
ACC_0003,,TASK_00541,,Completed,Follow up 541
ACC_0003,,TASK_00542,High,Completed,Follow up 542
ACC_0039,,TASK_00543,High,,Follow up 543
ACC_0039,,TASK_00544,Normal,,Follow up 544
ACC_0057,,TASK_00545,,Completed,Follow up 545
ACC_0057,,TASK_00546,Normal,Completed,Follow up 546
ACC_0057,,TASK_00547,,Completed,Follow up 547
ACC_0057,,TASK_00548,High,Completed,Follow up 548
ACC_0057,,TASK_00549,High,Completed,Follow up 549
ACC_0057,,TASK_00550,High,Completed,Follow up 550
ACC_0057,,TASK_00551,Low,Completed,Follow up 551
ACC_0057,,TASK_00552,Normal,Not Started,Follow up 552
ACC_0057,,TASK_00553,Low,Completed,Follow up 553
ACC_0057,,TASK_00554,High,,Follow up 554
ACC_0047,,TASK_00555,Low,Not Started,Follow up 555
ACC_0047,,TASK_00556,,Not Started,Follow up 556
ACC_0047,,TASK_00557,Low,Completed,Follow up 557
ACC_0047,,TASK_00558,High,Completed,Follow up 558
ACC_0047,,TASK_00559,Normal,Not Started,Follow up 559
ACC_0047,,TASK_00560,High,Not Started,Follow up 560
ACC_0047,,TASK_00561,High,Not Started,Follow up 561
ACC_0047,,TASK_00562,High,Completed,Follow up 562
ACC_0047,,TASK_00563,Normal,Not Started,Follow up 563
ACC_0108,,TASK_00564,Normal,Completed,Follow up 564
ACC_0108,,TASK_00565,Normal,Completed,Follow up 565
ACC_0108,,TASK_00566,High,Completed,Follow up 566
ACC_0050,,TASK_00567,Low,Not Started,Follow up 567
ACC_0050,,TASK_00568,,Completed,Follow up 568
ACC_0050,,TASK_00569,Normal,Completed,Follow up 569
ACC_0050,,TASK_00570,Normal,Completed,Follow up 570
ACC_0050,,TASK_00571,Normal,Completed,Follow up 571
ACC_0050,,TASK_00572,High,Completed,Follow up 572
ACC_0050,,TASK_00573,,Completed,Follow up 573
ACC_0050,,TASK_00574,High,Completed,Follow up 574
ACC_0050,,TASK_00575,High,Completed,Follow up 575
ACC_0050,,TASK_00576,Normal,Completed,Follow up 576
ACC_0073,,TASK_00577,High,Not Started,Follow up 577
ACC_0073,,TASK_00578,High,Completed,Follow up 578
ACC_0073,,TASK_00579,Normal,,Follow up 579
ACC_0006,,TASK_00580,Low,Completed,Follow up 580
ACC_0006,,TASK_00581,Normal,Completed,Follow up 581
ACC_0006,,TASK_00582,Normal,Completed,Follow up 582
ACC_0006,,TASK_00583,Normal,Completed,Follow up 583
ACC_0006,,TASK_00584,Normal,Completed,Follow up 584
ACC_0097,,TASK_00585,High,Not Started,Follow up 585
ACC_0097,,TASK_00586,Low,Not Started,Follow up 586
ACC_0097,,TASK_00587,Low,Not Started,Follow up 587
ACC_0097,,TASK_00588,Normal,Not Started,Follow up 588
ACC_0097,,TASK_00589,Low,Not Started,Follow up 589
ACC_0097,,TASK_00590,Low,Completed,Follow up 590
ACC_0097,,TASK_00591,High,Completed,Follow up 591
ACC_0097,,TASK_00592,Normal,Not Started,Follow up 592
ACC_0097,,TASK_00593,Normal,Completed,Follow up 593
ACC_0097,,TASK_00594,Normal,Completed,Follow up 594
ACC_0002,,TASK_00595,Low,Not Started,Follow up 595
ACC_0002,,TASK_00596,Normal,Not Started,Follow up 596
ACC_0002,,TASK_00597,High,,Follow up 597
ACC_0002,,TASK_00598,High,Completed,Follow up 598
ACC_0002,,TASK_00599,Normal,Not Started,Follow up 599
ACC_0029,,TASK_00600,Normal,Not Started,Follow up 600
ACC_0029,,TASK_00601,,Completed,Follow up 601
ACC_0029,,TASK_00602,,Completed,Follow up 602
ACC_0029,,TASK_00603,Low,Not Started,Follow up 603
ACC_0029,,TASK_00604,Normal,Not Started,Follow up 604
ACC_0029,,TASK_00605,Normal,Completed,Follow up 605
ACC_0029,,TASK_00606,High,Not Started,Follow up 606
ACC_0029,,TASK_00607,High,Completed,Follow up 607
ACC_0029,,TASK_00608,High,Not Started,Follow up 608
ACC_0068,,TASK_00609,Normal,,Follow up 609
ACC_0068,,TASK_00610,,Not Started,Follow up 610
ACC_0068,,TASK_00611,Low,Completed,Follow up 611
ACC_0068,,TASK_00612,Normal,Not Started,Follow up 612
ACC_0068,,TASK_00613,Normal,Completed,Follow up 613
ACC_0068,,TASK_00614,Normal,Not Started,Follow up 614
ACC_0113,,TASK_00615,Low,Not Started,Follow up 615
ACC_0113,,TASK_00616,Normal,Not Started,Follow up 616
ACC_0113,,TASK_00617,Normal,Not Started,Follow up 617
ACC_0113,,TASK_00618,High,Completed,Follow up 618
ACC_0113,,TASK_00619,Normal,Not Started,Follow up 619
ACC_0107,,TASK_00620,Normal,Completed,Follow up 620
ACC_0107,,TASK_00621,High,Completed,Follow up 621
ACC_0107,,TASK_00622,Low,Completed,Follow up 622
ACC_0107,,TASK_00623,High,Not Started,Follow up 623
ACC_0005,contact1@acc-0005.com,TASK_00624,Low,Completed,Follow up 624
ACC_0005,contact0@acc-0005.com,TASK_00625,Low,Not Started,Follow up 625
ACC_0005,,TASK_00626,,Not Started,Follow up 626
ACC_0005,contact1@acc-0005.com,TASK_00627,Low,Not Started,Follow up 627
ACC_0005,contact0@acc-0005.com,TASK_00628,High,Completed,Follow up 628
ACC_0005,contact1@acc-0005.com,TASK_00629,Normal,Not Started,Follow up 629
ACC_0005,contact1@acc-0005.com,TASK_00630,Low,Completed,Follow up 630
ACC_0005,,TASK_00631,High,Completed,Follow up 631
ACC_0092,contact3@acc-0092.com,TASK_00632,High,Not Started,Follow up 632
ACC_0092,contact4@acc-0092.com,TASK_00633,Low,Completed,Follow up 633
ACC_0092,contact4@acc-0092.com,TASK_00634,,Completed,Follow up 634
ACC_0023,contact6@acc-0023.com,TASK_00635,Normal,Completed,Follow up 635
ACC_0023,contact6@acc-0023.com,TASK_00636,Low,,Follow up 636
ACC_0023,contact6@acc-0023.com,TASK_00637,High,Completed,Follow up 637
ACC_0023,,TASK_00638,High,Not Started,Follow up 638
ACC_0023,contact6@acc-0023.com,TASK_00639,Normal,Not Started,Follow up 639
ACC_0023,contact6@acc-0023.com,TASK_00640,Low,Not Started,Follow up 640
ACC_0023,contact6@acc-0023.com,TASK_00641,High,Completed,Follow up 641
ACC_0023,contact6@acc-0023.com,TASK_00642,High,,Follow up 642
ACC_0065,contact7@acc-0065.com,TASK_00643,Low,Completed,Follow up 643
ACC_0065,,TASK_00644,Normal,Completed,Follow up 644
ACC_0065,contact7@acc-0065.com,TASK_00645,,Not Started,Follow up 645
ACC_0065,,TASK_00646,Low,Completed,Follow up 646
ACC_0065,,TASK_00647,Low,Not Started,Follow up 647
ACC_0065,contact7@acc-0065.com,TASK_00648,Low,Not Started,Follow up 648
ACC_0065,contact7@acc-0065.com,TASK_00649,,Not Started,Follow up 649
ACC_0109,contact8@acc-0109.com,TASK_00650,Low,Not Started,Follow up 650
ACC_0109,,TASK_00651,Low,Completed,Follow up 651
ACC_0109,contact9@acc-0109.com,TASK_00652,High,,Follow up 652
ACC_0109,contact10@acc-0109.com,TASK_00653,Low,Completed,Follow up 653
ACC_0109,,TASK_00654,Low,Completed,Follow up 654
ACC_0109,contact9@acc-0109.com,TASK_00655,Normal,Not Started,Follow up 655
ACC_0109,contact8@acc-0109.com,TASK_00656,,Completed,Follow up 656
ACC_0109,contact9@acc-0109.com,TASK_00657,,Not Started,Follow up 657
ACC_0109,contact8@acc-0109.com,TASK_00658,High,Not Started,Follow up 658
ACC_0053,contact13@acc-0053.com,TASK_00659,Normal,Not Started,Follow up 659
ACC_0053,contact13@acc-0053.com,TASK_00660,High,Not Started,Follow up 660
ACC_0053,,TASK_00661,High,Not Started,Follow up 661
ACC_0053,contact11@acc-0053.com,TASK_00662,Normal,Not Started,Follow up 662
ACC_0053,contact11@acc-0053.com,TASK_00663,Normal,Completed,Follow up 663
ACC_0079,contact14@acc-0079.com,TASK_00664,High,Not Started,Follow up 664
ACC_0079,contact14@acc-0079.com,TASK_00665,Normal,,Follow up 665
ACC_0046,contact16@acc-0046.com,TASK_00666,High,Completed,Follow up 666
ACC_0046,contact15@acc-0046.com,TASK_00667,Normal,Not Started,Follow up 667
ACC_0046,contact15@acc-0046.com,TASK_00668,Low,Not Started,Follow up 668
ACC_0046,,TASK_00669,Low,Not Started,Follow up 669
ACC_0046,contact15@acc-0046.com,TASK_00670,High,,Follow up 670
ACC_0046,,TASK_00671,High,Completed,Follow up 671
ACC_0046,contact16@acc-0046.com,TASK_00672,Normal,Not Started,Follow up 672
ACC_0114,contact17@acc-0114.com,TASK_00673,Normal,Not Started,Follow up 673
ACC_0114,contact18@acc-0114.com,TASK_00674,Normal,Completed,Follow up 674
ACC_0114,contact20@acc-0114.com,TASK_00675,High,,Follow up 675
ACC_0114,contact20@acc-0114.com,TASK_00676,High,,Follow up 676
ACC_0114,contact19@acc-0114.com,TASK_00677,High,Completed,Follow up 677
ACC_0093,contact22@acc-0093.com,TASK_00678,High,Completed,Follow up 678
ACC_0093,contact21@acc-0093.com,TASK_00679,Low,Not Started,Follow up 679
ACC_0093,contact21@acc-0093.com,TASK_00680,,Not Started,Follow up 680
ACC_0093,,TASK_00681,Low,,Follow up 681
ACC_0042,contact24@acc-0042.com,TASK_00682,High,Completed,Follow up 682
ACC_0042,contact23@acc-0042.com,TASK_00683,Normal,Completed,Follow up 683
ACC_0042,contact23@acc-0042.com,TASK_00684,Low,Completed,Follow up 684
ACC_0042,contact24@acc-0042.com,TASK_00685,,Not Started,Follow up 685
ACC_0042,contact25@acc-0042.com,TASK_00686,High,Not Started,Follow up 686
ACC_0042,contact25@acc-0042.com,TASK_00687,High,Not Started,Follow up 687
ACC_0042,contact24@acc-0042.com,TASK_00688,Low,Not Started,Follow up 688
ACC_0042,contact23@acc-0042.com,TASK_00689,Low,Not Started,Follow up 689
ACC_0042,contact25@acc-0042.com,TASK_00690,Normal,Not Started,Follow up 690
ACC_0042,contact24@acc-0042.com,TASK_00691,Normal,Not Started,Follow up 691
ACC_0056,contact28@acc-0056.com,TASK_00692,High,Not Started,Follow up 692
ACC_0056,,TASK_00693,,Completed,Follow up 693
ACC_0056,contact28@acc-0056.com,TASK_00694,Low,,Follow up 694
ACC_0056,contact28@acc-0056.com,TASK_00695,High,Completed,Follow up 695
ACC_0056,,TASK_00696,Normal,Not Started,Follow up 696
ACC_0056,contact27@acc-0056.com,TASK_00697,High,Completed,Follow up 697
ACC_0056,contact26@acc-0056.com,TASK_00698,Low,Not Started,Follow up 698
ACC_0056,,TASK_00699,,Not Started,Follow up 699
ACC_0043,contact29@acc-0043.com,TASK_00700,Normal,Completed,Follow up 700
ACC_0076,contact31@acc-0076.com,TASK_00701,High,Completed,Follow up 701
ACC_0076,contact31@acc-0076.com,TASK_00702,High,Completed,Follow up 702
ACC_0076,contact32@acc-0076.com,TASK_00703,Low,Completed,Follow up 703
ACC_0015,contact33@acc-0015.com,TASK_00704,Low,Completed,Follow up 704
ACC_0015,contact33@acc-0015.com,TASK_00705,,Completed,Follow up 705
ACC_0018,contact37@acc-0018.com,TASK_00706,Low,,Follow up 706
ACC_0018,contact37@acc-0018.com,TASK_00707,High,Completed,Follow up 707
ACC_0018,contact36@acc-0018.com,TASK_00708,Normal,Completed,Follow up 708
ACC_0018,contact37@acc-0018.com,TASK_00709,,,Follow up 709
ACC_0018,contact37@acc-0018.com,TASK_00710,Low,Not Started,Follow up 710
ACC_0086,contact39@acc-0086.com,TASK_00711,High,Not Started,Follow up 711
ACC_0086,contact39@acc-0086.com,TASK_00712,Low,Not Started,Follow up 712
ACC_0086,contact39@acc-0086.com,TASK_00713,High,Not Started,Follow up 713
ACC_0086,contact38@acc-0086.com,TASK_00714,High,Not Started,Follow up 714
ACC_0085,contact40@acc-0085.com,TASK_00715,Low,Completed,Follow up 715
ACC_0085,,TASK_00716,Normal,,Follow up 716
ACC_0085,contact41@acc-0085.com,TASK_00717,Normal,Completed,Follow up 717
ACC_0017,contact46@acc-0017.com,TASK_00718,Low,,Follow up 718
ACC_0017,contact44@acc-0017.com,TASK_00719,Normal,Not Started,Follow up 719
ACC_0017,contact43@acc-0017.com,TASK_00720,Low,Completed,Follow up 720
ACC_0017,contact45@acc-0017.com,TASK_00721,High,Completed,Follow up 721
ACC_0017,contact43@acc-0017.com,TASK_00722,Normal,Not Started,Follow up 722
ACC_0017,,TASK_00723,Low,Completed,Follow up 723
ACC_0017,contact44@acc-0017.com,TASK_00724,High,,Follow up 724
ACC_0017,contact45@acc-0017.com,TASK_00725,High,Completed,Follow up 725
ACC_0017,contact45@acc-0017.com,TASK_00726,Normal,Completed,Follow up 726
ACC_0099,contact47@acc-0099.com,TASK_00727,High,Completed,Follow up 727
ACC_0099,contact48@acc-0099.com,TASK_00728,Low,Not Started,Follow up 728
ACC_0099,contact48@acc-0099.com,TASK_00729,Normal,Completed,Follow up 729
ACC_0099,contact48@acc-0099.com,TASK_00730,,Not Started,Follow up 730
ACC_0099,contact48@acc-0099.com,TASK_00731,,Completed,Follow up 731
ACC_0054,contact49@acc-0054.com,TASK_00732,Low,Not Started,Follow up 732
ACC_0054,contact52@acc-0054.com,TASK_00733,Low,Not Started,Follow up 733
ACC_0054,contact51@acc-0054.com,TASK_00734,Normal,Completed,Follow up 734
ACC_0054,contact49@acc-0054.com,TASK_00735,,Completed,Follow up 735
ACC_0054,contact49@acc-0054.com,TASK_00736,High,Completed,Follow up 736
ACC_0032,contact54@acc-0032.com,TASK_00737,Normal,Not Started,Follow up 737
ACC_0091,contact56@acc-0091.com,TASK_00738,Low,Not Started,Follow up 738
ACC_0091,contact56@acc-0091.com,TASK_00739,Normal,Not Started,Follow up 739
ACC_0091,contact56@acc-0091.com,TASK_00740,High,Completed,Follow up 740
ACC_0103,contact58@acc-0103.com,TASK_00741,High,Not Started,Follow up 741
ACC_0103,contact58@acc-0103.com,TASK_00742,Low,Not Started,Follow up 742
ACC_0103,,TASK_00743,Normal,,Follow up 743
ACC_0103,contact57@acc-0103.com,TASK_00744,Normal,Completed,Follow up 744
ACC_0103,,TASK_00745,Low,,Follow up 745
ACC_0025,contact60@acc-0025.com,TASK_00746,Low,Not Started,Follow up 746
ACC_0025,contact60@acc-0025.com,TASK_00747,Normal,Completed,Follow up 747
ACC_0025,,TASK_00748,,Not Started,Follow up 748
ACC_0025,contact60@acc-0025.com,TASK_00749,Low,Completed,Follow up 749
ACC_0025,contact59@acc-0025.com,TASK_00750,Low,Completed,Follow up 750
ACC_0025,contact60@acc-0025.com,TASK_00751,,Completed,Follow up 751
ACC_0025,contact59@acc-0025.com,TASK_00752,Low,,Follow up 752
ACC_0025,contact60@acc-0025.com,TASK_00753,,Not Started,Follow up 753
ACC_0044,contact61@acc-0044.com,TASK_00754,Normal,Not Started,Follow up 754
ACC_0044,contact61@acc-0044.com,TASK_00755,Low,Completed,Follow up 755
ACC_0044,,TASK_00756,High,Not Started,Follow up 756
ACC_0044,contact61@acc-0044.com,TASK_00757,High,Completed,Follow up 757
ACC_0059,contact66@acc-0059.com,TASK_00758,Normal,Not Started,Follow up 758
ACC_0059,,TASK_00759,Normal,Completed,Follow up 759
ACC_0059,contact65@acc-0059.com,TASK_00760,High,Not Started,Follow up 760
ACC_0059,contact65@acc-0059.com,TASK_00761,High,Completed,Follow up 761
ACC_0059,contact64@acc-0059.com,TASK_00762,High,,Follow up 762
ACC_0024,contact67@acc-0024.com,TASK_00763,Low,Completed,Follow up 763
ACC_0024,contact68@acc-0024.com,TASK_00764,Low,Completed,Follow up 764
ACC_0024,,TASK_00765,Low,Completed,Follow up 765
ACC_0024,contact68@acc-0024.com,TASK_00766,,Completed,Follow up 766
ACC_0024,,TASK_00767,,Not Started,Follow up 767
ACC_0024,contact67@acc-0024.com,TASK_00768,Low,Completed,Follow up 768
ACC_0082,contact69@acc-0082.com,TASK_00769,Normal,Completed,Follow up 769
ACC_0082,contact69@acc-0082.com,TASK_00770,Normal,Completed,Follow up 770
ACC_0082,contact69@acc-0082.com,TASK_00771,Low,Not Started,Follow up 771
ACC_0082,contact69@acc-0082.com,TASK_00772,High,Not Started,Follow up 772
ACC_0082,,TASK_00773,Normal,Completed,Follow up 773
ACC_0082,contact69@acc-0082.com,TASK_00774,High,Completed,Follow up 774
ACC_0082,,TASK_00775,Low,Not Started,Follow up 775
ACC_0082,contact69@acc-0082.com,TASK_00776,,Completed,Follow up 776
ACC_0049,contact70@acc-0049.com,TASK_00777,High,Completed,Follow up 777
ACC_0049,contact72@acc-0049.com,TASK_00778,Normal,,Follow up 778
ACC_0049,contact72@acc-0049.com,TASK_00779,Normal,,Follow up 779
ACC_0083,contact76@acc-0083.com,TASK_00780,High,Not Started,Follow up 780
ACC_0083,contact75@acc-0083.com,TASK_00781,Normal,Completed,Follow up 781
ACC_0083,contact76@acc-0083.com,TASK_00782,Low,Completed,Follow up 782
ACC_0083,,TASK_00783,,,Follow up 783
ACC_0083,contact75@acc-0083.com,TASK_00784,High,Not Started,Follow up 784
ACC_0028,contact77@acc-0028.com,TASK_00785,Normal,Completed,Follow up 785
ACC_0028,contact79@acc-0028.com,TASK_00786,Low,Completed,Follow up 786
ACC_0028,contact79@acc-0028.com,TASK_00787,Low,,Follow up 787
ACC_0028,,TASK_00788,Low,Completed,Follow up 788
ACC_0028,contact78@acc-0028.com,TASK_00789,,Not Started,Follow up 789
ACC_0028,,TASK_00790,Low,Completed,Follow up 790
ACC_0028,contact79@acc-0028.com,TASK_00791,High,Completed,Follow up 791
ACC_0028,contact77@acc-0028.com,TASK_00792,Low,Not Started,Follow up 792
ACC_0119,contact81@acc-0119.com,TASK_00793,High,Completed,Follow up 793
ACC_0119,contact81@acc-0119.com,TASK_00794,Normal,Completed,Follow up 794
ACC_0119,contact81@acc-0119.com,TASK_00795,High,Not Started,Follow up 795
ACC_0119,contact81@acc-0119.com,TASK_00796,High,Not Started,Follow up 796
ACC_0119,contact80@acc-0119.com,TASK_00797,Low,Not Started,Follow up 797
ACC_0014,contact86@acc-0014.com,TASK_00798,Low,Not Started,Follow up 798
ACC_0014,contact84@acc-0014.com,TASK_00799,,Completed,Follow up 799
ACC_0014,contact87@acc-0014.com,TASK_00800,Normal,Completed,Follow up 800
ACC_0014,contact86@acc-0014.com,TASK_00801,Low,,Follow up 801
ACC_0014,contact87@acc-0014.com,TASK_00802,High,Completed,Follow up 802
ACC_0036,,TASK_00803,Normal,Completed,Follow up 803
ACC_0036,,TASK_00804,High,Completed,Follow up 804
ACC_0036,contact88@acc-0036.com,TASK_00805,Normal,Not Started,Follow up 805
ACC_0084,,TASK_00806,High,Not Started,Follow up 806
ACC_0084,,TASK_00807,Normal,Not Started,Follow up 807
ACC_0084,contact90@acc-0084.com,TASK_00808,High,Not Started,Follow up 808
ACC_0084,contact92@acc-0084.com,TASK_00809,High,Completed,Follow up 809
ACC_0084,contact91@acc-0084.com,TASK_00810,Normal,Not Started,Follow up 810
ACC_0084,contact91@acc-0084.com,TASK_00811,Normal,Not Started,Follow up 811
ACC_0118,contact93@acc-0118.com,TASK_00812,Normal,Completed,Follow up 812
ACC_0118,contact93@acc-0118.com,TASK_00813,Normal,Completed,Follow up 813
ACC_0118,contact93@acc-0118.com,TASK_00814,Normal,Not Started,Follow up 814
ACC_0060,contact94@acc-0060.com,TASK_00815,Low,Completed,Follow up 815
ACC_0060,contact94@acc-0060.com,TASK_00816,High,Not Started,Follow up 816
ACC_0060,contact94@acc-0060.com,TASK_00817,High,Not Started,Follow up 817
ACC_0060,contact94@acc-0060.com,TASK_00818,Low,Not Started,Follow up 818
ACC_0060,contact94@acc-0060.com,TASK_00819,Normal,Not Started,Follow up 819
ACC_0060,contact94@acc-0060.com,TASK_00820,Normal,Not Started,Follow up 820
ACC_0060,,TASK_00821,High,Not Started,Follow up 821
ACC_0060,contact94@acc-0060.com,TASK_00822,Normal,Completed,Follow up 822
ACC_0075,contact97@acc-0075.com,TASK_00823,Low,Completed,Follow up 823
ACC_0075,contact96@acc-0075.com,TASK_00824,Low,Not Started,Follow up 824
ACC_0075,contact96@acc-0075.com,TASK_00825,,Not Started,Follow up 825
ACC_0063,contact98@acc-0063.com,TASK_00826,Normal,Not Started,Follow up 826
ACC_0035,contact101@acc-0035.com,TASK_00827,Low,Not Started,Follow up 827
ACC_0035,,TASK_00828,Low,Completed,Follow up 828
ACC_0062,contact104@acc-0062.com,TASK_00829,,,Follow up 829
ACC_0062,contact104@acc-0062.com,TASK_00830,Normal,Not Started,Follow up 830
ACC_0062,contact104@acc-0062.com,TASK_00831,Low,Not Started,Follow up 831
ACC_0062,contact105@acc-0062.com,TASK_00832,Low,Not Started,Follow up 832
ACC_0062,,TASK_00833,High,Completed,Follow up 833
ACC_0062,contact106@acc-0062.com,TASK_00834,Low,Not Started,Follow up 834
ACC_0062,contact104@acc-0062.com,TASK_00835,High,Completed,Follow up 835
ACC_0062,contact106@acc-0062.com,TASK_00836,High,Not Started,Follow up 836
ACC_0062,,TASK_00837,High,Not Started,Follow up 837
ACC_0062,,TASK_00838,High,Completed,Follow up 838
ACC_0004,contact107@acc-0004.com,TASK_00839,,Completed,Follow up 839
ACC_0004,contact108@acc-0004.com,TASK_00840,Normal,Not Started,Follow up 840
ACC_0004,contact108@acc-0004.com,TASK_00841,Low,Completed,Follow up 841
ACC_0004,contact107@acc-0004.com,TASK_00842,Normal,Completed,Follow up 842
ACC_0004,contact108@acc-0004.com,TASK_00843,Normal,Completed,Follow up 843
ACC_0004,contact107@acc-0004.com,TASK_00844,,Not Started,Follow up 844
ACC_0007,contact109@acc-0007.com,TASK_00845,High,Not Started,Follow up 845
ACC_0007,contact109@acc-0007.com,TASK_00846,Low,Not Started,Follow up 846
ACC_0007,contact109@acc-0007.com,TASK_00847,Low,,Follow up 847
ACC_0007,contact109@acc-0007.com,TASK_00848,Normal,Completed,Follow up 848
ACC_0041,contact111@acc-0041.com,TASK_00849,Normal,Completed,Follow up 849
ACC_0041,contact110@acc-0041.com,TASK_00850,Normal,Not Started,Follow up 850
ACC_0041,contact110@acc-0041.com,TASK_00851,Normal,Not Started,Follow up 851
ACC_0041,contact110@acc-0041.com,TASK_00852,Normal,Completed,Follow up 852
ACC_0041,contact111@acc-0041.com,TASK_00853,High,,Follow up 853
ACC_0041,,TASK_00854,Normal,Not Started,Follow up 854
ACC_0041,contact110@acc-0041.com,TASK_00855,Normal,Completed,Follow up 855
ACC_0041,,TASK_00856,High,Completed,Follow up 856
ACC_0041,contact110@acc-0041.com,TASK_00857,High,Not Started,Follow up 857
ACC_0041,contact110@acc-0041.com,TASK_00858,,Completed,Follow up 858
ACC_0067,contact112@acc-0067.com,TASK_00859,Normal,Not Started,Follow up 859
ACC_0067,,TASK_00860,Normal,Not Started,Follow up 860
ACC_0067,contact112@acc-0067.com,TASK_00861,High,Completed,Follow up 861
ACC_0067,contact112@acc-0067.com,TASK_00862,Normal,Not Started,Follow up 862
ACC_0067,contact113@acc-0067.com,TASK_00863,Low,Completed,Follow up 863
ACC_0067,contact112@acc-0067.com,TASK_00864,High,Completed,Follow up 864
ACC_0067,contact112@acc-0067.com,TASK_00865,Normal,Completed,Follow up 865
ACC_0067,contact112@acc-0067.com,TASK_00866,High,,Follow up 866
ACC_0067,,TASK_00867,Low,,Follow up 867
ACC_0067,contact112@acc-0067.com,TASK_00868,Low,Not Started,Follow up 868
ACC_0100,,TASK_00869,Low,Not Started,Follow up 869
ACC_0100,,TASK_00870,Low,Not Started,Follow up 870
ACC_0100,contact114@acc-0100.com,TASK_00871,Low,Completed,Follow up 871
ACC_0087,contact117@acc-0087.com,TASK_00872,,Not Started,Follow up 872
ACC_0087,,TASK_00873,,Not Started,Follow up 873
ACC_0087,contact115@acc-0087.com,TASK_00874,Normal,,Follow up 874
ACC_0087,contact115@acc-0087.com,TASK_00875,High,Completed,Follow up 875
ACC_0087,contact115@acc-0087.com,TASK_00876,High,Completed,Follow up 876
ACC_0087,contact115@acc-0087.com,TASK_00877,Normal,,Follow up 877
ACC_0106,,TASK_00878,Normal,Completed,Follow up 878
ACC_0106,contact119@acc-0106.com,TASK_00879,Low,,Follow up 879
ACC_0106,contact120@acc-0106.com,TASK_00880,Normal,Not Started,Follow up 880
ACC_0106,,TASK_00881,High,Completed,Follow up 881
ACC_0106,contact118@acc-0106.com,TASK_00882,Low,Completed,Follow up 882
ACC_0106,contact118@acc-0106.com,TASK_00883,Low,Completed,Follow up 883
ACC_0106,contact120@acc-0106.com,TASK_00884,Normal,Completed,Follow up 884
ACC_0106,,TASK_00885,High,Not Started,Follow up 885
ACC_0106,contact119@acc-0106.com,TASK_00886,High,Completed,Follow up 886
ACC_0019,contact122@acc-0019.com,TASK_00887,High,Not Started,Follow up 887
ACC_0055,,TASK_00888,Normal,,Follow up 888
ACC_0055,,TASK_00889,Normal,Completed,Follow up 889
ACC_0055,contact128@acc-0055.com,TASK_00890,Normal,Completed,Follow up 890
ACC_0055,contact129@acc-0055.com,TASK_00891,High,Completed,Follow up 891
ACC_0055,contact127@acc-0055.com,TASK_00892,Low,Completed,Follow up 892
ACC_0055,contact127@acc-0055.com,TASK_00893,High,Not Started,Follow up 893
ACC_0055,,TASK_00894,High,Not Started,Follow up 894
ACC_0055,contact126@acc-0055.com,TASK_00895,Normal,Not Started,Follow up 895
ACC_0055,contact128@acc-0055.com,TASK_00896,Normal,,Follow up 896
ACC_0045,contact130@acc-0045.com,TASK_00897,High,Not Started,Follow up 897
ACC_0045,contact130@acc-0045.com,TASK_00898,Low,Not Started,Follow up 898
ACC_0116,contact132@acc-0116.com,TASK_00899,Normal,Completed,Follow up 899
ACC_0116,contact132@acc-0116.com,TASK_00900,Normal,Completed,Follow up 900
ACC_0116,contact132@acc-0116.com,TASK_00901,Normal,Not Started,Follow up 901
ACC_0116,contact132@acc-0116.com,TASK_00902,Low,Completed,Follow up 902
ACC_0116,contact132@acc-0116.com,TASK_00903,Normal,Not Started,Follow up 903
ACC_0116,contact132@acc-0116.com,TASK_00904,Low,Not Started,Follow up 904
ACC_0116,contact132@acc-0116.com,TASK_00905,Normal,Completed,Follow up 905
ACC_0116,contact132@acc-0116.com,TASK_00906,High,Completed,Follow up 906
ACC_0116,contact132@acc-0116.com,TASK_00907,,Completed,Follow up 907
ACC_0116,,TASK_00908,Normal,Completed,Follow up 908
ACC_0102,,TASK_00909,High,Completed,Follow up 909
ACC_0102,contact134@acc-0102.com,TASK_00910,Low,,Follow up 910
ACC_0102,contact133@acc-0102.com,TASK_00911,Low,Not Started,Follow up 911
ACC_0102,contact133@acc-0102.com,TASK_00912,,Completed,Follow up 912
ACC_0034,contact136@acc-0034.com,TASK_00913,Normal,Completed,Follow up 913
ACC_0034,contact139@acc-0034.com,TASK_00914,Normal,Completed,Follow up 914
ACC_0034,contact137@acc-0034.com,TASK_00915,Normal,Completed,Follow up 915
ACC_0089,contact140@acc-0089.com,TASK_00916,High,Completed,Follow up 916
ACC_0089,contact140@acc-0089.com,TASK_00917,Normal,Not Started,Follow up 917
ACC_0089,contact140@acc-0089.com,TASK_00918,Normal,Completed,Follow up 918
ACC_0033,contact142@acc-0033.com,TASK_00919,High,Completed,Follow up 919
ACC_0033,,TASK_00920,Low,Completed,Follow up 920
ACC_0033,,TASK_00921,,Completed,Follow up 921
ACC_0033,contact142@acc-0033.com,TASK_00922,Low,Completed,Follow up 922
ACC_0033,,TASK_00923,Normal,,Follow up 923
ACC_0033,contact143@acc-0033.com,TASK_00924,,,Follow up 924
ACC_0033,contact141@acc-0033.com,TASK_00925,,Not Started,Follow up 925
ACC_0033,contact142@acc-0033.com,TASK_00926,,Completed,Follow up 926
ACC_0033,contact143@acc-0033.com,TASK_00927,Normal,Not Started,Follow up 927
ACC_0033,contact143@acc-0033.com,TASK_00928,Normal,Completed,Follow up 928
ACC_0111,contact144@acc-0111.com,TASK_00929,Low,Completed,Follow up 929
ACC_0111,,TASK_00930,,Not Started,Follow up 930
ACC_0111,contact144@acc-0111.com,TASK_00931,Low,,Follow up 931
ACC_0111,contact145@acc-0111.com,TASK_00932,Normal,Completed,Follow up 932
ACC_0111,contact144@acc-0111.com,TASK_00933,Low,Completed,Follow up 933
ACC_0098,,TASK_00934,High,Completed,Follow up 934
ACC_0098,contact147@acc-0098.com,TASK_00935,High,Completed,Follow up 935
ACC_0098,contact148@acc-0098.com,TASK_00936,Normal,Completed,Follow up 936
ACC_0098,contact146@acc-0098.com,TASK_00937,Low,Completed,Follow up 937
ACC_0098,contact148@acc-0098.com,TASK_00938,High,Not Started,Follow up 938
ACC_0037,contact151@acc-0037.com,TASK_00939,High,,Follow up 939
ACC_0037,,TASK_00940,Low,Not Started,Follow up 940
ACC_0037,contact149@acc-0037.com,TASK_00941,Normal,Completed,Follow up 941
ACC_0037,contact150@acc-0037.com,TASK_00942,Normal,,Follow up 942
ACC_0037,contact149@acc-0037.com,TASK_00943,High,Completed,Follow up 943
ACC_0037,contact150@acc-0037.com,TASK_00944,High,Completed,Follow up 944
ACC_0037,,TASK_00945,High,Not Started,Follow up 945
ACC_0037,,TASK_00946,,Not Started,Follow up 946
ACC_0027,contact152@acc-0027.com,TASK_00947,,Not Started,Follow up 947
ACC_0027,contact153@acc-0027.com,TASK_00948,Low,Not Started,Follow up 948
ACC_0027,,TASK_00949,Low,Completed,Follow up 949
ACC_0027,contact153@acc-0027.com,TASK_00950,,Completed,Follow up 950
ACC_0027,contact152@acc-0027.com,TASK_00951,Low,Completed,Follow up 951
ACC_0027,contact153@acc-0027.com,TASK_00952,High,Not Started,Follow up 952
ACC_0027,contact153@acc-0027.com,TASK_00953,Normal,Not Started,Follow up 953
ACC_0027,contact152@acc-0027.com,TASK_00954,Low,Completed,Follow up 954
ACC_0027,contact152@acc-0027.com,TASK_00955,,Not Started,Follow up 955
ACC_0027,contact152@acc-0027.com,TASK_00956,Low,Completed,Follow up 956
ACC_0074,,TASK_00957,High,,Follow up 957
ACC_0074,contact156@acc-0074.com,TASK_00958,Low,Not Started,Follow up 958
ACC_0001,contact159@acc-0001.com,TASK_00959,Normal,Completed,Follow up 959
ACC_0001,contact160@acc-0001.com,TASK_00960,Low,Not Started,Follow up 960
ACC_0016,contact162@acc-0016.com,TASK_00961,High,Completed,Follow up 961
ACC_0016,contact161@acc-0016.com,TASK_00962,Low,Completed,Follow up 962
ACC_0016,,TASK_00963,Low,Completed,Follow up 963
ACC_0016,contact162@acc-0016.com,TASK_00964,Normal,Not Started,Follow up 964
ACC_0016,contact162@acc-0016.com,TASK_00965,Low,Completed,Follow up 965
ACC_0016,,TASK_00966,Low,Completed,Follow up 966
ACC_0016,,TASK_00967,,Completed,Follow up 967
ACC_0016,,TASK_00968,Normal,Not Started,Follow up 968
ACC_0016,contact162@acc-0016.com,TASK_00969,High,Completed,Follow up 969
ACC_0011,contact164@acc-0011.com,TASK_00970,High,Completed,Follow up 970
ACC_0011,contact165@acc-0011.com,TASK_00971,High,Not Started,Follow up 971
ACC_0011,,TASK_00972,Low,Not Started,Follow up 972
ACC_0011,,TASK_00973,,,Follow up 973
ACC_0011,,TASK_00974,Low,Not Started,Follow up 974
ACC_0011,contact165@acc-0011.com,TASK_00975,Low,Not Started,Follow up 975
ACC_0011,contact164@acc-0011.com,TASK_00976,Low,Completed,Follow up 976
ACC_0011,contact163@acc-0011.com,TASK_00977,High,Not Started,Follow up 977
ACC_0117,contact169@acc-0117.com,TASK_00978,Low,Completed,Follow up 978
ACC_0117,contact169@acc-0117.com,TASK_00979,Low,Completed,Follow up 979
ACC_0117,,TASK_00980,Normal,Completed,Follow up 980
ACC_0117,contact168@acc-0117.com,TASK_00981,,Not Started,Follow up 981
ACC_0117,contact166@acc-0117.com,TASK_00982,,Not Started,Follow up 982
ACC_0117,,TASK_00983,Low,Not Started,Follow up 983
ACC_0117,contact168@acc-0117.com,TASK_00984,Normal,Not Started,Follow up 984
ACC_0117,contact169@acc-0117.com,TASK_00985,Normal,Not Started,Follow up 985
ACC_0101,contact170@acc-0101.com,TASK_00986,Normal,Completed,Follow up 986
ACC_0101,contact170@acc-0101.com,TASK_00987,Low,Not Started,Follow up 987
ACC_0101,contact170@acc-0101.com,TASK_00988,High,Completed,Follow up 988
ACC_0101,contact170@acc-0101.com,TASK_00989,Normal,Completed,Follow up 989
ACC_0048,contact171@acc-0048.com,TASK_00990,Low,Completed,Follow up 990
ACC_0048,contact171@acc-0048.com,TASK_00991,,Completed,Follow up 991
ACC_0048,,TASK_00992,Low,Completed,Follow up 992
ACC_0026,contact172@acc-0026.com,TASK_00993,Normal,Not Started,Follow up 993
ACC_0026,contact172@acc-0026.com,TASK_00994,High,Not Started,Follow up 994
ACC_0026,contact172@acc-0026.com,TASK_00995,,Completed,Follow up 995
ACC_0026,contact172@acc-0026.com,TASK_00996,High,Not Started,Follow up 996
ACC_0026,,TASK_00997,High,Completed,Follow up 997
ACC_0081,contact174@acc-0081.com,TASK_00998,Normal,Completed,Follow up 998
ACC_0081,contact175@acc-0081.com,TASK_00999,Normal,Not Started,Follow up 999
ACC_0081,contact174@acc-0081.com,TASK_01000,Normal,Not Started,Follow up 1000
ACC_0081,contact174@acc-0081.com,TASK_01001,High,Completed,Follow up 1001
ACC_0081,,TASK_01002,Normal,Completed,Follow up 1002
ACC_0081,contact175@acc-0081.com,TASK_01003,Normal,Not Started,Follow up 1003
ACC_0081,contact174@acc-0081.com,TASK_01004,Normal,Completed,Follow up 1004
ACC_0081,contact174@acc-0081.com,TASK_01005,Low,Completed,Follow up 1005
ACC_0081,,TASK_01006,Normal,Not Started,Follow up 1006
ACC_0022,contact176@acc-0022.com,TASK_01007,High,Completed,Follow up 1007
ACC_0022,contact176@acc-0022.com,TASK_01008,High,Not Started,Follow up 1008
ACC_0022,,TASK_01009,Low,Completed,Follow up 1009
ACC_0090,,TASK_01010,Low,Not Started,Follow up 1010
ACC_0090,,TASK_01011,Low,Completed,Follow up 1011
ACC_0090,contact177@acc-0090.com,TASK_01012,High,,Follow up 1012
ACC_0090,contact177@acc-0090.com,TASK_01013,Low,Not Started,Follow up 1013
ACC_0090,contact179@acc-0090.com,TASK_01014,Normal,Completed,Follow up 1014
ACC_0090,,TASK_01015,Normal,Not Started,Follow up 1015
ACC_0064,contact180@acc-0064.com,TASK_01016,Low,Not Started,Follow up 1016
ACC_0064,contact180@acc-0064.com,TASK_01017,Low,Not Started,Follow up 1017
ACC_0064,contact180@acc-0064.com,TASK_01018,Low,Completed,Follow up 1018
ACC_0064,contact180@acc-0064.com,TASK_01019,Low,Not Started,Follow up 1019
ACC_0064,,TASK_01020,Low,Completed,Follow up 1020
ACC_0040,contact182@acc-0040.com,TASK_01021,High,Not Started,Follow up 1021
ACC_0040,contact182@acc-0040.com,TASK_01022,High,Not Started,Follow up 1022
ACC_0040,contact181@acc-0040.com,TASK_01023,,Not Started,Follow up 1023
ACC_0040,,TASK_01024,Low,Not Started,Follow up 1024
ACC_0040,contact181@acc-0040.com,TASK_01025,Low,Completed,Follow up 1025
ACC_0040,contact181@acc-0040.com,TASK_01026,Normal,Completed,Follow up 1026
ACC_0040,,TASK_01027,,Not Started,Follow up 1027
ACC_0040,contact182@acc-0040.com,TASK_01028,Normal,Not Started,Follow up 1028
ACC_0088,contact185@acc-0088.com,TASK_01029,Normal,Completed,Follow up 1029
ACC_0088,contact183@acc-0088.com,TASK_01030,Normal,Completed,Follow up 1030
ACC_0088,contact183@acc-0088.com,TASK_01031,Low,,Follow up 1031
ACC_0088,contact183@acc-0088.com,TASK_01032,High,Not Started,Follow up 1032
ACC_0088,contact183@acc-0088.com,TASK_01033,,,Follow up 1033
ACC_0088,contact184@acc-0088.com,TASK_01034,Low,,Follow up 1034
ACC_0088,contact184@acc-0088.com,TASK_01035,Low,Completed,Follow up 1035
ACC_0088,contact186@acc-0088.com,TASK_01036,High,Completed,Follow up 1036
ACC_0078,,TASK_01037,Normal,Not Started,Follow up 1037
ACC_0078,contact189@acc-0078.com,TASK_01038,High,Not Started,Follow up 1038
ACC_0078,contact188@acc-0078.com,TASK_01039,High,Not Started,Follow up 1039
ACC_0078,contact188@acc-0078.com,TASK_01040,Low,Not Started,Follow up 1040
ACC_0078,contact187@acc-0078.com,TASK_01041,Normal,Not Started,Follow up 1041
ACC_0078,,TASK_01042,,Completed,Follow up 1042
ACC_0078,contact187@acc-0078.com,TASK_01043,Normal,Not Started,Follow up 1043
ACC_0078,contact187@acc-0078.com,TASK_01044,Low,Not Started,Follow up 1044
ACC_0078,,TASK_01045,,Completed,Follow up 1045
ACC_0078,contact189@acc-0078.com,TASK_01046,High,Not Started,Follow up 1046
ACC_0031,contact191@acc-0031.com,TASK_01047,High,Not Started,Follow up 1047
ACC_0031,contact190@acc-0031.com,TASK_01048,High,Not Started,Follow up 1048
ACC_0031,contact192@acc-0031.com,TASK_01049,High,Completed,Follow up 1049
ACC_0031,contact193@acc-0031.com,TASK_01050,Normal,Not Started,Follow up 1050
ACC_0031,contact192@acc-0031.com,TASK_01051,High,Not Started,Follow up 1051
ACC_0031,contact191@acc-0031.com,TASK_01052,High,Completed,Follow up 1052
ACC_0009,contact197@acc-0009.com,TASK_01053,Low,Completed,Follow up 1053
ACC_0009,contact194@acc-0009.com,TASK_01054,Normal,Not Started,Follow up 1054
ACC_0009,contact195@acc-0009.com,TASK_01055,Low,Completed,Follow up 1055
ACC_0009,contact196@acc-0009.com,TASK_01056,High,Completed,Follow up 1056
ACC_0009,contact196@acc-0009.com,TASK_01057,Normal,Completed,Follow up 1057
ACC_0009,contact195@acc-0009.com,TASK_01058,High,Not Started,Follow up 1058
ACC_0009,contact196@acc-0009.com,TASK_01059,Low,Not Started,Follow up 1059
ACC_0110,contact199@acc-0110.com,TASK_01060,Low,Not Started,Follow up 1060
ACC_0110,contact199@acc-0110.com,TASK_01061,High,Not Started,Follow up 1061
ACC_0110,contact199@acc-0110.com,TASK_01062,High,,Follow up 1062
ACC_0013,,TASK_01063,High,Not Started,Follow up 1063
ACC_0013,,TASK_01064,Normal,Not Started,Follow up 1064
ACC_0013,,TASK_01065,High,Completed,Follow up 1065
ACC_0013,,TASK_01066,Normal,Completed,Follow up 1066
ACC_0013,,TASK_01067,Normal,Not Started,Follow up 1067
ACC_0112,,TASK_01068,,Not Started,Follow up 1068
ACC_0112,,TASK_01069,Normal,Completed,Follow up 1069
ACC_0112,,TASK_01070,Low,Not Started,Follow up 1070
ACC_0112,,TASK_01071,Low,Completed,Follow up 1071
ACC_0112,,TASK_01072,High,Not Started,Follow up 1072
ACC_0112,,TASK_01073,Normal,Not Started,Follow up 1073
ACC_0112,,TASK_01074,High,Completed,Follow up 1074
ACC_0112,,TASK_01075,High,Completed,Follow up 1075
ACC_0080,,TASK_01076,Normal,,Follow up 1076
ACC_0080,,TASK_01077,High,Completed,Follow up 1077
ACC_0080,,TASK_01078,,Not Started,Follow up 1078
ACC_0080,,TASK_01079,Normal,Completed,Follow up 1079
ACC_0094,,TASK_01080,Normal,Completed,Follow up 1080
ACC_0094,,TASK_01081,High,Not Started,Follow up 1081
ACC_0094,,TASK_01082,Low,Not Started,Follow up 1082
ACC_0094,,TASK_01083,High,Not Started,Follow up 1083
ACC_0115,,TASK_01084,High,Not Started,Follow up 1084
ACC_0115,,TASK_01085,Normal,Completed,Follow up 1085
ACC_0115,,TASK_01086,High,Completed,Follow up 1086
ACC_0115,,TASK_01087,Normal,Not Started,Follow up 1087
ACC_0115,,TASK_01088,,Not Started,Follow up 1088
ACC_0115,,TASK_01089,High,Completed,Follow up 1089
ACC_0115,,TASK_01090,Normal,Completed,Follow up 1090
ACC_0115,,TASK_01091,Normal,Not Started,Follow up 1091
ACC_0077,,TASK_01092,Normal,Completed,Follow up 1092
ACC_0077,,TASK_01093,,Not Started,Follow up 1093
ACC_0077,,TASK_01094,High,Not Started,Follow up 1094
ACC_0077,,TASK_01095,Normal,Not Started,Follow up 1095
ACC_0077,,TASK_01096,Low,Completed,Follow up 1096
ACC_0012,,TASK_01097,High,Not Started,Follow up 1097
ACC_0012,,TASK_01098,,Not Started,Follow up 1098
ACC_0012,,TASK_01099,Low,,Follow up 1099
ACC_PAG_0205,,TASK_PAG_0001,Normal,Not Started,Task 1
ACC_PAG_0205,,TASK_PAG_0002,Normal,Not Started,Task 2
ACC_PAG_0205,,TASK_PAG_0003,Normal,Not Started,Task 3
ACC_PAG_0205,,TASK_PAG_0004,Normal,Not Started,Task 4
ACC_PAG_0205,,TASK_PAG_0005,Normal,Not Started,Task 5
ACC_PAG_0205,,TASK_PAG_0006,Normal,Not Started,Task 6
ACC_PAG_0205,,TASK_PAG_0007,Normal,Not Started,Task 7
ACC_PAG_0205,,TASK_PAG_0008,Normal,Not Started,Task 8
ACC_PAG_0205,,TASK_PAG_0009,Normal,Not Started,Task 9
ACC_PAG_0205,,TASK_PAG_0010,Normal,Not Started,Task 10
ACC_PAG_0205,,TASK_PAG_0011,Normal,Not Started,Task 11
ACC_PAG_0205,,TASK_PAG_0012,Normal,Not Started,Task 12
ACC_PAG_0205,,TASK_PAG_0013,Normal,Not Started,Task 13
ACC_PAG_0205,,TASK_PAG_0014,Normal,Not Started,Task 14
ACC_PAG_0205,,TASK_PAG_0015,Normal,Not Started,Task 15
ACC_PAG_0205,,TASK_PAG_0016,Normal,Not Started,Task 16
ACC_PAG_0205,,TASK_PAG_0017,Normal,Not Started,Task 17
ACC_PAG_0205,,TASK_PAG_0018,Normal,Not Started,Task 18
ACC_PAG_0205,,TASK_PAG_0019,Normal,Not Started,Task 19
ACC_PAG_0205,,TASK_PAG_0020,Normal,Not Started,Task 20
ACC_PAG_0205,,TASK_PAG_0021,Normal,Not Started,Task 21
ACC_PAG_0205,,TASK_PAG_0022,Normal,Not Started,Task 22
ACC_PAG_0205,,TASK_PAG_0023,Normal,Not Started,Task 23
ACC_PAG_0205,,TASK_PAG_0024,Normal,Not Started,Task 24
ACC_PAG_0205,,TASK_PAG_0025,Normal,Not Started,Task 25
ACC_PAG_0205,,TASK_PAG_0026,Normal,Not Started,Task 26
ACC_PAG_0205,,TASK_PAG_0027,Normal,Not Started,Task 27
ACC_PAG_0205,,TASK_PAG_0028,Normal,Not Started,Task 28
ACC_PAG_0205,,TASK_PAG_0029,Normal,Not Started,Task 29
ACC_PAG_0205,,TASK_PAG_0030,Normal,Not Started,Task 30
ACC_PAG_0205,,TASK_PAG_0031,Normal,Not Started,Task 31
ACC_PAG_0205,,TASK_PAG_0032,Normal,Not Started,Task 32
ACC_PAG_0205,,TASK_PAG_0033,Normal,Not Started,Task 33
ACC_PAG_0205,,TASK_PAG_0034,Normal,Not Started,Task 34
ACC_PAG_0205,,TASK_PAG_0035,Normal,Not Started,Task 35
ACC_PAG_0205,,TASK_PAG_0036,Normal,Not Started,Task 36
ACC_PAG_0205,,TASK_PAG_0037,Normal,Not Started,Task 37
ACC_PAG_0205,,TASK_PAG_0038,Normal,Not Started,Task 38
ACC_PAG_0205,,TASK_PAG_0039,Normal,Not Started,Task 39
ACC_PAG_0205,,TASK_PAG_0040,Normal,Not Started,Task 40
ACC_PAG_0205,,TASK_PAG_0041,Normal,Not Started,Task 41
ACC_PAG_0205,,TASK_PAG_0042,Normal,Not Started,Task 42
ACC_PAG_0205,,TASK_PAG_0043,Normal,Not Started,Task 43
ACC_PAG_0205,,TASK_PAG_0044,Normal,Not Started,Task 44
ACC_PAG_0205,,TASK_PAG_0045,Normal,Not Started,Task 45
ACC_PAG_0205,,TASK_PAG_0046,Normal,Not Started,Task 46
ACC_PAG_0205,,TASK_PAG_0047,Normal,Not Started,Task 47
ACC_PAG_0205,,TASK_PAG_0048,Normal,Not Started,Task 48
ACC_PAG_0205,,TASK_PAG_0049,Normal,Not Started,Task 49
ACC_PAG_0205,,TASK_PAG_0050,Normal,Not Started,Task 50
ACC_PAG_0205,,TASK_PAG_0051,Normal,Not Started,Task 51
ACC_PAG_0205,,TASK_PAG_0052,Normal,Not Started,Task 52
ACC_PAG_0205,,TASK_PAG_0053,Normal,Not Started,Task 53
ACC_PAG_0205,,TASK_PAG_0054,Normal,Not Started,Task 54
ACC_PAG_0205,,TASK_PAG_0055,Normal,Not Started,Task 55
ACC_PAG_0205,,TASK_PAG_0056,Normal,Not Started,Task 56
ACC_PAG_0205,,TASK_PAG_0057,Normal,Not Started,Task 57
ACC_PAG_0205,,TASK_PAG_0058,Normal,Not Started,Task 58
ACC_PAG_0205,,TASK_PAG_0059,Normal,Not Started,Task 59
ACC_PAG_0205,,TASK_PAG_0060,Normal,Not Started,Task 60
ACC_PAG_0205,,TASK_PAG_0061,Normal,Not Started,Task 61
ACC_PAG_0205,,TASK_PAG_0062,Normal,Not Started,Task 62
ACC_PAG_0205,,TASK_PAG_0063,Normal,Not Started,Task 63
ACC_PAG_0205,,TASK_PAG_0064,Normal,Not Started,Task 64
ACC_PAG_0205,,TASK_PAG_0065,Normal,Not Started,Task 65
ACC_PAG_0205,,TASK_PAG_0066,Normal,Not Started,Task 66
ACC_PAG_0205,,TASK_PAG_0067,Normal,Not Started,Task 67
ACC_PAG_0205,,TASK_PAG_0068,Normal,Not Started,Task 68
ACC_PAG_0205,,TASK_PAG_0069,Normal,Not Started,Task 69
ACC_PAG_0205,,TASK_PAG_0070,Normal,Not Started,Task 70
ACC_PAG_0205,,TASK_PAG_0071,Normal,Not Started,Task 71
ACC_PAG_0205,,TASK_PAG_0072,Normal,Not Started,Task 72
ACC_PAG_0205,,TASK_PAG_0073,Normal,Not Started,Task 73
ACC_PAG_0205,,TASK_PAG_0074,Normal,Not Started,Task 74
ACC_PAG_0205,,TASK_PAG_0075,Normal,Not Started,Task 75
ACC_PAG_0205,,TASK_PAG_0076,Normal,Not Started,Task 76
ACC_PAG_0205,,TASK_PAG_0077,Normal,Not Started,Task 77
ACC_PAG_0205,,TASK_PAG_0078,Normal,Not Started,Task 78
ACC_PAG_0205,,TASK_PAG_0079,Normal,Not Started,Task 79
ACC_PAG_0205,,TASK_PAG_0080,Normal,Not Started,Task 80
ACC_PAG_0205,,TASK_PAG_0081,Normal,Not Started,Task 81
ACC_PAG_0205,,TASK_PAG_0082,Normal,Not Started,Task 82
ACC_PAG_0205,,TASK_PAG_0083,Normal,Not Started,Task 83
ACC_PAG_0205,,TASK_PAG_0084,Normal,Not Started,Task 84
ACC_PAG_0205,,TASK_PAG_0085,Normal,Not Started,Task 85
ACC_PAG_0205,,TASK_PAG_0086,Normal,Not Started,Task 86
ACC_PAG_0205,,TASK_PAG_0087,Normal,Not Started,Task 87
ACC_PAG_0205,,TASK_PAG_0088,Normal,Not Started,Task 88
ACC_PAG_0205,,TASK_PAG_0089,Normal,Not Started,Task 89
ACC_PAG_0205,,TASK_PAG_0090,Normal,Not Started,Task 90
ACC_PAG_0205,,TASK_PAG_0091,Normal,Not Started,Task 91
ACC_PAG_0205,,TASK_PAG_0092,Normal,Not Started,Task 92
ACC_PAG_0205,,TASK_PAG_0093,Normal,Not Started,Task 93
ACC_PAG_0205,,TASK_PAG_0094,Normal,Not Started,Task 94
ACC_PAG_0205,,TASK_PAG_0095,Normal,Not Started,Task 95
ACC_PAG_0205,,TASK_PAG_0096,Normal,Not Started,Task 96
ACC_PAG_0205,,TASK_PAG_0097,Normal,Not Started,Task 97
ACC_PAG_0205,,TASK_PAG_0098,Normal,Not Started,Task 98
ACC_PAG_0205,,TASK_PAG_0099,Normal,Not Started,Task 99
ACC_PAG_0205,,TASK_PAG_0100,Normal,Not Started,Task 100
ACC_PAG_0205,,TASK_PAG_0101,Normal,Not Started,Task 101
ACC_PAG_0205,,TASK_PAG_0102,Normal,Not Started,Task 102
ACC_PAG_0205,,TASK_PAG_0103,Normal,Not Started,Task 103
ACC_PAG_0205,,TASK_PAG_0104,Normal,Not Started,Task 104
ACC_PAG_0205,,TASK_PAG_0105,Normal,Not Started,Task 105
ACC_PAG_0205,,TASK_PAG_0106,Normal,Not Started,Task 106
ACC_PAG_0205,,TASK_PAG_0107,Normal,Not Started,Task 107
ACC_PAG_0205,,TASK_PAG_0108,Normal,Not Started,Task 108
ACC_PAG_0205,,TASK_PAG_0109,Normal,Not Started,Task 109
ACC_PAG_0205,,TASK_PAG_0110,Normal,Not Started,Task 110
ACC_PAG_0205,,TASK_PAG_0111,Normal,Not Started,Task 111
ACC_PAG_0205,,TASK_PAG_0112,Normal,Not Started,Task 112
ACC_PAG_0205,,TASK_PAG_0113,Normal,Not Started,Task 113
ACC_PAG_0205,,TASK_PAG_0114,Normal,Not Started,Task 114
ACC_PAG_0205,,TASK_PAG_0115,Normal,Not Started,Task 115
ACC_PAG_0205,,TASK_PAG_0116,Normal,Not Started,Task 116
ACC_PAG_0205,,TASK_PAG_0117,Normal,Not Started,Task 117
ACC_PAG_0205,,TASK_PAG_0118,Normal,Not Started,Task 118
ACC_PAG_0205,,TASK_PAG_0119,Normal,Not Started,Task 119
ACC_PAG_0205,,TASK_PAG_0120,Normal,Not Started,Task 120
ACC_PAG_0205,,TASK_PAG_0121,Normal,Not Started,Task 121
ACC_PAG_0205,,TASK_PAG_0122,Normal,Not Started,Task 122
ACC_PAG_0205,,TASK_PAG_0123,Normal,Not Started,Task 123
ACC_PAG_0205,,TASK_PAG_0124,Normal,Not Started,Task 124
ACC_PAG_0205,,TASK_PAG_0125,Normal,Not Started,Task 125
ACC_PAG_0205,,TASK_PAG_0126,Normal,Not Started,Task 126
ACC_PAG_0205,,TASK_PAG_0127,Normal,Not Started,Task 127
ACC_PAG_0205,,TASK_PAG_0128,Normal,Not Started,Task 128
ACC_PAG_0205,,TASK_PAG_0129,Normal,Not Started,Task 129
ACC_PAG_0205,,TASK_PAG_0130,Normal,Not Started,Task 130
ACC_PAG_0205,,TASK_PAG_0131,Normal,Not Started,Task 131
ACC_PAG_0205,,TASK_PAG_0132,Normal,Not Started,Task 132
ACC_PAG_0205,,TASK_PAG_0133,Normal,Not Started,Task 133
ACC_PAG_0205,,TASK_PAG_0134,Normal,Not Started,Task 134
ACC_PAG_0205,,TASK_PAG_0135,Normal,Not Started,Task 135
ACC_PAG_0205,,TASK_PAG_0136,Normal,Not Started,Task 136
ACC_PAG_0205,,TASK_PAG_0137,Normal,Not Started,Task 137
ACC_PAG_0205,,TASK_PAG_0138,Normal,Not Started,Task 138
ACC_PAG_0205,,TASK_PAG_0139,Normal,Not Started,Task 139
ACC_PAG_0205,,TASK_PAG_0140,Normal,Not Started,Task 140
ACC_PAG_0205,,TASK_PAG_0141,Normal,Not Started,Task 141
ACC_PAG_0205,,TASK_PAG_0142,Normal,Not Started,Task 142
ACC_PAG_0205,,TASK_PAG_0143,Normal,Not Started,Task 143
ACC_PAG_0205,,TASK_PAG_0144,Normal,Not Started,Task 144
ACC_PAG_0205,,TASK_PAG_0145,Normal,Not Started,Task 145
ACC_PAG_0205,,TASK_PAG_0146,Normal,Not Started,Task 146
ACC_PAG_0205,,TASK_PAG_0147,Normal,Not Started,Task 147
ACC_PAG_0205,,TASK_PAG_0148,Normal,Not Started,Task 148
ACC_PAG_0205,,TASK_PAG_0149,Normal,Not Started,Task 149
ACC_PAG_0205,,TASK_PAG_0150,Normal,Not Started,Task 150
ACC_PAG_0205,,TASK_PAG_0151,Normal,Not Started,Task 151
ACC_PAG_0205,,TASK_PAG_0152,Normal,Not Started,Task 152
ACC_PAG_0205,,TASK_PAG_0153,Normal,Not Started,Task 153
ACC_PAG_0205,,TASK_PAG_0154,Normal,Not Started,Task 154
ACC_PAG_0205,,TASK_PAG_0155,Normal,Not Started,Task 155
ACC_PAG_0205,,TASK_PAG_0156,Normal,Not Started,Task 156
ACC_PAG_0205,,TASK_PAG_0157,Normal,Not Started,Task 157
ACC_PAG_0205,,TASK_PAG_0158,Normal,Not Started,Task 158
ACC_PAG_0205,,TASK_PAG_0159,Normal,Not Started,Task 159
ACC_PAG_0205,,TASK_PAG_0160,Normal,Not Started,Task 160
ACC_PAG_0205,,TASK_PAG_0161,Normal,Not Started,Task 161
ACC_PAG_0205,,TASK_PAG_0162,Normal,Not Started,Task 162
ACC_PAG_0205,,TASK_PAG_0163,Normal,Not Started,Task 163
ACC_PAG_0205,,TASK_PAG_0164,Normal,Not Started,Task 164
ACC_PAG_0205,,TASK_PAG_0165,Normal,Not Started,Task 165
ACC_PAG_0205,,TASK_PAG_0166,Normal,Not Started,Task 166
ACC_PAG_0205,,TASK_PAG_0167,Normal,Not Started,Task 167
ACC_PAG_0205,,TASK_PAG_0168,Normal,Not Started,Task 168
ACC_PAG_0205,,TASK_PAG_0169,Normal,Not Started,Task 169
ACC_PAG_0205,,TASK_PAG_0170,Normal,Not Started,Task 170
ACC_PAG_0205,,TASK_PAG_0171,Normal,Not Started,Task 171
ACC_PAG_0205,,TASK_PAG_0172,Normal,Not Started,Task 172
ACC_PAG_0205,,TASK_PAG_0173,Normal,Not Started,Task 173
ACC_PAG_0205,,TASK_PAG_0174,Normal,Not Started,Task 174
ACC_PAG_0205,,TASK_PAG_0175,Normal,Not Started,Task 175
ACC_PAG_0205,,TASK_PAG_0176,Normal,Not Started,Task 176
ACC_PAG_0205,,TASK_PAG_0177,Normal,Not Started,Task 177
ACC_PAG_0205,,TASK_PAG_0178,Normal,Not Started,Task 178
ACC_PAG_0205,,TASK_PAG_0179,Normal,Not Started,Task 179
ACC_PAG_0205,,TASK_PAG_0180,Normal,Not Started,Task 180
ACC_PAG_0205,,TASK_PAG_0181,Normal,Not Started,Task 181
ACC_PAG_0205,,TASK_PAG_0182,Normal,Not Started,Task 182
ACC_PAG_0205,,TASK_PAG_0183,Normal,Not Started,Task 183
ACC_PAG_0205,,TASK_PAG_0184,Normal,Not Started,Task 184
ACC_PAG_0205,,TASK_PAG_0185,Normal,Not Started,Task 185
ACC_PAG_0205,,TASK_PAG_0186,Normal,Not Started,Task 186
ACC_PAG_0205,,TASK_PAG_0187,Normal,Not Started,Task 187
ACC_PAG_0205,,TASK_PAG_0188,Normal,Not Started,Task 188
ACC_PAG_0205,,TASK_PAG_0189,Normal,Not Started,Task 189
ACC_PAG_0205,,TASK_PAG_0190,Normal,Not Started,Task 190
ACC_PAG_0205,,TASK_PAG_0191,Normal,Not Started,Task 191
ACC_PAG_0205,,TASK_PAG_0192,Normal,Not Started,Task 192
ACC_PAG_0205,,TASK_PAG_0193,Normal,Not Started,Task 193
ACC_PAG_0205,,TASK_PAG_0194,Normal,Not Started,Task 194
ACC_PAG_0205,,TASK_PAG_0195,Normal,Not Started,Task 195
ACC_PAG_0205,,TASK_PAG_0196,Normal,Not Started,Task 196
ACC_PAG_0205,,TASK_PAG_0197,Normal,Not Started,Task 197
ACC_PAG_0205,,TASK_PAG_0198,Normal,Not Started,Task 198
ACC_PAG_0205,,TASK_PAG_0199,Normal,Not Started,Task 199
ACC_PAG_0205,,TASK_PAG_0200,Normal,Not Started,Task 200
ACC_PAG_0205,,TASK_PAG_0201,Normal,Not Started,Task 201
ACC_PAG_0205,,TASK_PAG_0202,Normal,Not Started,Task 202
ACC_PAG_0205,,TASK_PAG_0203,Normal,Not Started,Task 203
ACC_PAG_0205,,TASK_PAG_0204,Normal,Not Started,Task 204
ACC_PAG_0205,,TASK_PAG_0205,Normal,Not Started,Task 205
